,pair,count,indices
765,"['London', 'Paris']",292,"[955, 959, 961, 962, 964, 972, 977, 984, 991, 993, 994, 999, 1002, 1004, 1006, 1008, 1009, 1014, 1015, 1017, 1030, 1034, 1036, 1038, 1044, 1046, 1047, 1049, 1050, 1060, 1061, 1066, 1077, 1084, 1086, 1102, 1106, 1110, 1119, 1125, 1129, 1139, 1146, 1147, 1151, 1154, 1155, 1158, 1159, 1192, 1193, 1194, 1197, 1202, 1220, 1221, 1231, 1234, 1235, 1240, 1241, 1243, 1245, 1249, 1250, 1252, 1254, 1263, 1268, 1271, 1272, 1279, 1280, 1283, 1304, 1312, 1320, 1321, 1332, 1335, 1341, 1361, 1368, 1369, 1374, 1382, 1384, 1393, 1394, 1415, 1420, 1445, 1450, 1458, 1463, 1464, 1465, 1466, 1472, 1474, 1476, 1479, 1483, 1485, 1493, 1495, 1498, 1502, 1506, 1527, 1539, 1556, 1557, 1558, 1566, 1570, 1573, 1600, 1605, 1608, 1612, 1621, 1626, 1631, 1644, 1650, 1655, 1657, 1661, 1672, 1673, 1679, 1703, 1708, 1719, 1731, 1734, 1739, 1744, 1747, 1749, 1770, 1774, 1777, 1778, 1786, 1789, 1791, 1793, 1808, 1810, 1811, 1825, 1827, 1828, 1836, 1837, 1841, 1847, 1849, 1853, 1854, 1867, 1874, 1887, 1898, 1899, 1905, 1908, 1912, 1916, 1924, 1927, 1935, 1936, 1943, 1944, 1959, 1968, 1972, 1974, 1978, 2002, 2013, 2023, 2030, 2037, 2050, 2053, 2058, 2060, 2067, 2071, 2074, 2090, 2092, 2100, 2101, 2107, 2122, 2125, 2126, 2168, 2179, 2192, 2203, 2204, 2208, 2212, 2218, 2220, 2245, 2251, 2256, 2264, 2266, 2274, 2284, 2287, 2289, 2317, 2338, 2345, 2356, 2364, 2365, 2366, 2372, 2378, 2396, 2401, 2403, 2410, 2412, 2421, 2435, 2437, 2460, 2474, 2487, 2493, 2517, 2521, 2527, 2531, 2543, 2545, 2573, 2576, 2577, 2578, 2579, 2585, 2586, 2595, 2602, 2606, 2608, 2627, 2638, 2640, 2641, 2647, 2648, 2660, 2674, 2676, 2680, 2689, 2698, 2719, 2770, 2774, 2784, 2785, 2791, 2793, 2795, 2823, 2835, 2839, 2856, 2857, 2858, 2866, 2877, 2879, 2884, 2886, 2889, 2894, 2909]"
24,"['Amsterdam', 'Paris']",107,"[962, 964, 1001, 1010, 1029, 1030, 1049, 1060, 1077, 1079, 1118, 1150, 1152, 1158, 1197, 1249, 1250, 1283, 1295, 1305, 1306, 1336, 1348, 1475, 1477, 1479, 1500, 1553, 1564, 1602, 1612, 1616, 1622, 1626, 1628, 1631, 1638, 1644, 1650, 1657, 1661, 1662, 1686, 1691, 1704, 1734, 1771, 1783, 1786, 1789, 1797, 1802, 1818, 1858, 1887, 1897, 1930, 1943, 2056, 2058, 2059, 2073, 2074, 2096, 2125, 2126, 2135, 2154, 2181, 2191, 2198, 2210, 2219, 2269, 2306, 2308, 2313, 2317, 2335, 2350, 2351, 2354, 2403, 2472, 2479, 2493, 2510, 2529, 2531, 2543, 2557, 2589, 2604, 2608, 2638, 2714, 2715, 2783, 2793, 2801, 2822, 2829, 2859, 2893, 2903, 2904, 2915]"
165,"['Berlin', 'Paris']",95,"[962, 964, 967, 975, 991, 993, 1000, 1001, 1009, 1025, 1049, 1060, 1077, 1084, 1158, 1252, 1254, 1271, 1283, 1315, 1333, 1335, 1384, 1394, 1402, 1476, 1479, 1500, 1504, 1506, 1541, 1596, 1609, 1626, 1638, 1650, 1654, 1661, 1680, 1690, 1729, 1732, 1765, 1767, 1788, 1789, 1829, 1878, 1921, 1943, 1964, 1991, 2037, 2048, 2056, 2058, 2073, 2091, 2096, 2125, 2126, 2166, 2205, 2234, 2238, 2309, 2351, 2396, 2403, 2474, 2487, 2510, 2517, 2519, 2576, 2578, 2595, 2630, 2638, 2672, 2679, 2681, 2714, 2715, 2744, 2749, 2766, 2793, 2822, 2866, 2893, 2894, 2903, 2904, 2915]"
934,"['Paris', 'Roma_merged']",91,"[964, 971, 1001, 1012, 1034, 1038, 1077, 1088, 1102, 1158, 1268, 1271, 1275, 1288, 1327, 1348, 1352, 1384, 1410, 1414, 1467, 1476, 1493, 1553, 1554, 1580, 1586, 1587, 1604, 1622, 1638, 1644, 1663, 1673, 1714, 1729, 1732, 1740, 1741, 1744, 1776, 1777, 1784, 1791, 1793, 1806, 1825, 1858, 1874, 1901, 1908, 1956, 1968, 2073, 2091, 2092, 2098, 2120, 2125, 2126, 2142, 2162, 2177, 2249, 2351, 2354, 2412, 2531, 2559, 2598, 2607, 2608, 2612, 2638, 2679, 2689, 2690, 2738, 2744, 2749, 2753, 2762, 2772, 2774, 2776, 2785, 2786, 2792, 2801, 2823, 2883]"
159,"['Berlin', 'London']",91,"[962, 964, 978, 991, 993, 1009, 1033, 1037, 1049, 1060, 1063, 1075, 1077, 1083, 1084, 1133, 1149, 1158, 1165, 1167, 1252, 1254, 1271, 1283, 1285, 1335, 1346, 1384, 1394, 1432, 1476, 1479, 1506, 1515, 1519, 1598, 1625, 1626, 1630, 1650, 1661, 1675, 1699, 1713, 1753, 1789, 1792, 1823, 1843, 1845, 1869, 1934, 1940, 1943, 2021, 2031, 2037, 2058, 2125, 2126, 2206, 2254, 2259, 2260, 2332, 2360, 2373, 2396, 2403, 2406, 2464, 2474, 2475, 2484, 2487, 2490, 2517, 2541, 2576, 2578, 2588, 2593, 2595, 2635, 2638, 2667, 2726, 2793, 2802, 2866, 2894]"
18,"['Amsterdam', 'London']",86,"[962, 964, 1030, 1049, 1060, 1077, 1158, 1197, 1238, 1249, 1250, 1269, 1283, 1303, 1346, 1422, 1424, 1429, 1478, 1479, 1514, 1520, 1532, 1611, 1612, 1625, 1626, 1630, 1631, 1643, 1644, 1645, 1650, 1651, 1657, 1661, 1685, 1692, 1705, 1734, 1746, 1754, 1786, 1789, 1887, 1888, 1939, 1943, 1990, 2007, 2027, 2058, 2062, 2074, 2095, 2125, 2126, 2144, 2188, 2211, 2225, 2253, 2258, 2276, 2280, 2314, 2317, 2341, 2352, 2387, 2397, 2403, 2428, 2493, 2531, 2543, 2594, 2608, 2617, 2638, 2657, 2716, 2731, 2793, 2855, 2895]"
701,"['Liverpool', 'Manchester']",80,"[1042, 1045, 1069, 1076, 1130, 1134, 1153, 1183, 1215, 1216, 1260, 1277, 1281, 1286, 1337, 1342, 1488, 1525, 1542, 1552, 1568, 1575, 1584, 1671, 1677, 1678, 1702, 1718, 1822, 1862, 1866, 1900, 1911, 1917, 1951, 1996, 1998, 2004, 2064, 2104, 2114, 2165, 2175, 2186, 2200, 2278, 2298, 2315, 2323, 2326, 2327, 2330, 2333, 2337, 2386, 2392, 2398, 2402, 2419, 2431, 2434, 2530, 2633, 2665, 2666, 2682, 2705, 2708, 2728, 2730, 2732, 2737, 2740, 2752, 2773, 2780, 2817, 2882, 2907, 2910]"
115,"['Barcelona', 'Madrid']",79,"[963, 1048, 1052, 1103, 1144, 1158, 1269, 1299, 1313, 1348, 1356, 1358, 1378, 1395, 1399, 1436, 1439, 1469, 1542, 1551, 1595, 1634, 1635, 1640, 1697, 1732, 1747, 1790, 1809, 1868, 1911, 1943, 1955, 1979, 2026, 2105, 2121, 2158, 2255, 2307, 2312, 2324, 2328, 2369, 2374, 2375, 2381, 2382, 2383, 2390, 2391, 2425, 2430, 2451, 2452, 2489, 2504, 2511, 2515, 2526, 2547, 2550, 2563, 2574, 2587, 2616, 2628, 2645, 2656, 2663, 2697, 2700, 2778, 2779, 2781, 2800, 2842, 2865, 2902]"
762,"['London', 'Manchester']",68,"[1021, 1089, 1123, 1134, 1158, 1160, 1162, 1180, 1208, 1209, 1212, 1233, 1247, 1260, 1277, 1400, 1425, 1457, 1470, 1489, 1511, 1543, 1578, 1668, 1701, 1712, 1718, 1796, 1833, 1900, 1902, 1928, 1931, 1951, 1957, 2038, 2077, 2093, 2103, 2111, 2113, 2115, 2138, 2196, 2305, 2436, 2482, 2534, 2580, 2632, 2633, 2650, 2678, 2705, 2721, 2728, 2760, 2765, 2773, 2789, 2811, 2821, 2863, 2871, 2878, 2907, 2910, 2913]"
775,"['London', 'Roma_merged']",64,"[964, 965, 966, 1034, 1038, 1063, 1077, 1102, 1158, 1268, 1269, 1271, 1287, 1346, 1384, 1476, 1487, 1493, 1494, 1519, 1538, 1579, 1623, 1644, 1673, 1713, 1744, 1777, 1791, 1793, 1801, 1825, 1874, 1880, 1908, 1910, 1968, 1990, 2092, 2125, 2126, 2250, 2294, 2319, 2412, 2423, 2427, 2453, 2456, 2465, 2470, 2531, 2581, 2593, 2608, 2638, 2689, 2692, 2756, 2771, 2774, 2785, 2823, 2849]"
761,"['London', 'Madrid']",59,"[959, 964, 997, 1040, 1132, 1137, 1156, 1158, 1214, 1219, 1240, 1256, 1269, 1271, 1283, 1325, 1335, 1380, 1453, 1509, 1548, 1636, 1637, 1642, 1645, 1667, 1747, 1786, 1791, 1872, 1875, 1914, 1916, 1941, 1943, 2041, 2042, 2044, 2045, 2121, 2125, 2140, 2167, 2255, 2329, 2377, 2391, 2421, 2571, 2611, 2633, 2638, 2653, 2696, 2750, 2777, 2791, 2839, 2901]"
2,"['Amsterdam', 'Berlin']",56,"[962, 964, 1001, 1049, 1060, 1077, 1158, 1283, 1346, 1349, 1381, 1479, 1500, 1625, 1626, 1627, 1630, 1638, 1650, 1661, 1665, 1698, 1789, 1821, 1943, 2056, 2058, 2073, 2096, 2097, 2125, 2126, 2233, 2268, 2351, 2403, 2424, 2445, 2448, 2486, 2510, 2638, 2670, 2675, 2714, 2715, 2793, 2797, 2807, 2822, 2893, 2903, 2904, 2905, 2906, 2915]"
491,"['Glasgow', 'London']",50,"[964, 1013, 1055, 1068, 1072, 1109, 1111, 1112, 1113, 1161, 1325, 1355, 1376, 1377, 1511, 1524, 1718, 1723, 1766, 1900, 1916, 1942, 1949, 1951, 1957, 1960, 2022, 2065, 2113, 2271, 2399, 2426, 2450, 2494, 2496, 2497, 2503, 2534, 2618, 2623, 2636, 2695, 2711, 2733, 2751, 2799, 2805, 2825, 2885, 2907]"
374,"['Dublin', 'London']",49,"[1018, 1038, 1043, 1082, 1085, 1087, 1109, 1138, 1185, 1271, 1419, 1445, 1520, 1549, 1550, 1557, 1598, 1601, 1612, 1631, 1644, 1696, 1713, 1734, 1859, 1860, 1881, 1884, 1934, 1965, 2000, 2049, 2101, 2102, 2258, 2280, 2282, 2320, 2367, 2379, 2499, 2534, 2580, 2704, 2722, 2773, 2787, 2815, 2861]"
830,"['Madrid', 'Milan_merged']",48,"[1052, 1141, 1158, 1348, 1441, 1521, 1537, 1555, 1745, 1748, 1790, 1803, 1919, 1946, 1979, 2160, 2187, 2190, 2193, 2194, 2195, 2197, 2199, 2201, 2221, 2307, 2421, 2430, 2432, 2454, 2457, 2458, 2468, 2469, 2489, 2524, 2562, 2633, 2656, 2663, 2687, 2778, 2860, 2890, 2902, 2903, 2904, 2915]"
944,"['Paris', 'Prague_merged']",48,"[964, 967, 969, 994, 1000, 1001, 1024, 1060, 1077, 1227, 1267, 1306, 1348, 1362, 1440, 1518, 1564, 1566, 1580, 1638, 1729, 1734, 1744, 1767, 1788, 1847, 1858, 1921, 1968, 2058, 2073, 2091, 2125, 2126, 2127, 2135, 2351, 2353, 2363, 2412, 2414, 2479, 2487, 2505, 2507, 2516, 2595, 2806]"
185,"['Berlin', 'Prague_merged']",45,"[964, 967, 1000, 1001, 1060, 1077, 1298, 1349, 1386, 1497, 1638, 1720, 1725, 1729, 1736, 1767, 1787, 1788, 1813, 1831, 1845, 1891, 1895, 1921, 2058, 2066, 2073, 2091, 2125, 2126, 2130, 2206, 2351, 2407, 2411, 2445, 2484, 2486, 2487, 2567, 2575, 2595, 2620, 2798, 2891]"
181,"['Berlin', 'Munich_merged']",43,"[967, 980, 986, 1083, 1188, 1270, 1349, 1460, 1497, 1500, 1547, 1574, 1638, 1689, 1732, 1736, 1762, 1765, 1788, 1832, 1835, 1892, 1893, 1921, 1947, 1976, 2108, 2182, 2206, 2321, 2487, 2542, 2566, 2592, 2593, 2614, 2671, 2714, 2715, 2822, 2837, 2843, 2897]"
698,"['Liverpool', 'London']",43,"[1039, 1115, 1128, 1134, 1148, 1163, 1172, 1191, 1260, 1277, 1347, 1355, 1520, 1718, 1856, 1900, 1923, 1951, 1962, 1965, 1984, 1993, 1994, 1995, 2008, 2039, 2040, 2054, 2063, 2109, 2297, 2310, 2619, 2629, 2633, 2705, 2728, 2746, 2773, 2810, 2819, 2907, 2910]"
1090,"['Milan_merged', 'Roma_merged']",41,"[996, 1032, 1051, 1052, 1158, 1218, 1246, 1259, 1308, 1324, 1339, 1346, 1348, 1405, 1538, 1604, 1666, 1681, 1683, 1790, 1798, 1909, 1946, 2015, 2073, 2131, 2143, 2171, 2230, 2291, 2415, 2453, 2467, 2492, 2687, 2688, 2757, 2759, 2778, 2845, 2846]"
359,"['Budapest', 'Prague_merged']",40,"[964, 967, 1189, 1307, 1311, 1329, 1330, 1720, 1725, 1758, 1785, 1809, 1870, 1921, 1929, 1980, 2014, 2058, 2066, 2079, 2084, 2129, 2134, 2223, 2226, 2237, 2275, 2351, 2355, 2407, 2479, 2522, 2567, 2575, 2583, 2590, 2595, 2651, 2739, 2798]"
248,"['Birmingham', 'London']",40,"[956, 957, 958, 960, 1005, 1134, 1158, 1169, 1171, 1277, 1404, 1443, 1511, 1571, 1593, 1670, 1718, 1723, 1804, 1883, 1900, 1915, 1965, 1971, 2067, 2093, 2111, 2113, 2213, 2228, 2370, 2409, 2534, 2721, 2728, 2761, 2789, 2811, 2907, 2910]"
119,"['Barcelona', 'Paris']",38,"[974, 1038, 1077, 1158, 1315, 1348, 1354, 1439, 1455, 1456, 1469, 1476, 1512, 1540, 1624, 1638, 1644, 1647, 1727, 1732, 1734, 1744, 1747, 1922, 1943, 2073, 2106, 2177, 2351, 2413, 2474, 2507, 2510, 2554, 2749, 2801, 2822, 2892]"
822,"['Madrid', 'Paris']",37,"[959, 964, 1053, 1158, 1240, 1271, 1283, 1327, 1335, 1348, 1357, 1439, 1469, 1546, 1656, 1732, 1747, 1786, 1791, 1812, 1916, 1943, 2125, 2234, 2354, 2421, 2446, 2638, 2714, 2738, 2791, 2839, 2864, 2893, 2903, 2904, 2915]"
44,"['Amsterdam', 'Prague_merged']",37,"[964, 990, 995, 1001, 1060, 1077, 1121, 1276, 1292, 1300, 1306, 1311, 1348, 1349, 1364, 1370, 1563, 1564, 1565, 1569, 1638, 1728, 1734, 1809, 1858, 2058, 2073, 2086, 2125, 2126, 2135, 2232, 2258, 2351, 2445, 2479, 2486]"
129,"['Barcelona', 'Roma_merged']",34,"[1038, 1052, 1054, 1070, 1074, 1077, 1158, 1269, 1348, 1387, 1391, 1426, 1476, 1567, 1638, 1644, 1713, 1732, 1733, 1744, 1790, 1958, 2073, 2085, 2177, 2294, 2351, 2369, 2749, 2778, 2779, 2781, 2800, 2801]"
152,"['Berlin', 'Hamburg']",32,"[1033, 1049, 1083, 1158, 1165, 1188, 1326, 1333, 1349, 1434, 1497, 1606, 1650, 1761, 2019, 2096, 2161, 2321, 2340, 2385, 2406, 2411, 2542, 2566, 2614, 2638, 2679, 2893, 2903, 2904, 2906, 2915]"
34,"['Amsterdam', 'Roma_merged']",31,"[964, 1001, 1070, 1077, 1104, 1121, 1158, 1269, 1293, 1346, 1348, 1387, 1553, 1610, 1622, 1638, 1644, 1858, 1990, 2073, 2125, 2126, 2246, 2351, 2354, 2448, 2486, 2531, 2608, 2638, 2801]"
113,"['Barcelona', 'London']",31,"[992, 1038, 1077, 1158, 1244, 1269, 1476, 1644, 1713, 1734, 1744, 1747, 1943, 1989, 2062, 2121, 2180, 2255, 2257, 2294, 2301, 2311, 2391, 2474, 2509, 2655, 2699, 2702, 2725, 2840, 2848]"
939,"['Paris', 'Vienna_merged']",31,"[964, 977, 999, 1012, 1077, 1119, 1139, 1158, 1271, 1368, 1427, 1504, 1580, 1729, 1744, 1767, 1786, 1828, 1858, 1921, 2120, 2185, 2487, 2505, 2516, 2553, 2560, 2595, 2599, 2689, 2893]"
297,"['Brussels', 'Paris']",30,"[961, 962, 1098, 1107, 1271, 1283, 1291, 1375, 1410, 1445, 1477, 1484, 1500, 1522, 1523, 1535, 1679, 1841, 1887, 1898, 2056, 2059, 2100, 2177, 2219, 2350, 2531, 2543, 2793, 2833]"
175,"['Berlin', 'Roma_merged']",30,"[964, 982, 1001, 1019, 1057, 1063, 1077, 1158, 1271, 1346, 1384, 1476, 1519, 1638, 1713, 1729, 1732, 2073, 2091, 2125, 2126, 2351, 2448, 2486, 2593, 2638, 2679, 2707, 2744, 2749]"
1121,"['Roma_merged', 'Naples_merged']",30,"[964, 996, 1020, 1063, 1093, 1145, 1218, 1273, 1324, 1405, 1410, 1442, 1641, 1658, 1660, 1666, 1793, 1981, 1982, 2011, 2016, 2051, 2072, 2291, 2512, 2668, 2685, 2754, 2759, 2775]"
794,"['Lyon', 'Paris']",30,"[1105, 1158, 1178, 1182, 1195, 1230, 1290, 1309, 1418, 1454, 1482, 1485, 1508, 1530, 1585, 1706, 1759, 1772, 2135, 2136, 2272, 2295, 2331, 2358, 2625, 2689, 2717, 2812, 2854, 2887]"
785,"['London', 'Prague_merged']",30,"[964, 994, 1031, 1060, 1077, 1164, 1228, 1334, 1559, 1561, 1566, 1646, 1669, 1734, 1744, 1845, 1847, 1863, 1968, 2058, 2125, 2126, 2151, 2206, 2258, 2412, 2484, 2487, 2595, 2651]"
780,"['London', 'Vienna_merged']",29,"[964, 977, 999, 1077, 1119, 1139, 1158, 1257, 1271, 1368, 1373, 1389, 1517, 1548, 1675, 1684, 1694, 1737, 1744, 1786, 1828, 1889, 2021, 2300, 2316, 2360, 2487, 2595, 2689]"
1184,"['Vienna_merged', 'Prague_merged']",29,"[964, 1077, 1120, 1206, 1307, 1330, 1349, 1353, 1580, 1720, 1729, 1744, 1767, 1858, 1871, 1886, 1895, 1921, 1980, 2066, 2084, 2129, 2248, 2487, 2505, 2516, 2575, 2595, 2798]"
940,"['Paris', 'Munich_merged']",29,"[967, 971, 1012, 1127, 1179, 1348, 1369, 1500, 1638, 1732, 1765, 1788, 1818, 1858, 1921, 1977, 2013, 2177, 2224, 2479, 2487, 2586, 2689, 2714, 2715, 2735, 2801, 2822, 2900]"
932,"['Paris', 'Milan_merged']",29,"[1000, 1067, 1158, 1192, 1200, 1301, 1348, 1360, 1533, 1604, 1655, 1695, 1837, 1933, 1967, 2010, 2047, 2073, 2124, 2283, 2299, 2414, 2421, 2735, 2809, 2816, 2903, 2904, 2915]"
291,"['Brussels', 'London']",28,"[961, 962, 1232, 1242, 1261, 1271, 1283, 1317, 1344, 1445, 1505, 1529, 1583, 1679, 1826, 1841, 1845, 1887, 1888, 1898, 2009, 2024, 2100, 2304, 2531, 2543, 2691, 2793]"
1105,"['Athens_merged', 'Roma_merged']",27,"[982, 1012, 1063, 1070, 1126, 1158, 1166, 1187, 1266, 1742, 1769, 1790, 1806, 1904, 2139, 2183, 2294, 2389, 2465, 2707, 2736, 2763, 2764, 2794, 2813, 2841, 2911]"
180,"['Berlin', 'Vienna_merged']",25,"[964, 982, 1077, 1158, 1271, 1349, 1381, 1504, 1544, 1675, 1720, 1729, 1730, 1767, 1895, 1921, 2021, 2066, 2360, 2487, 2575, 2595, 2649, 2798, 2893]"
832,"['Madrid', 'Roma_merged']",25,"[964, 1052, 1158, 1269, 1271, 1327, 1348, 1401, 1614, 1732, 1790, 1791, 1817, 1946, 2116, 2125, 2354, 2369, 2638, 2687, 2738, 2778, 2779, 2781, 2800]"
1129,"['Roma_merged', 'Prague_merged']",24,"[964, 1001, 1077, 1120, 1121, 1226, 1348, 1580, 1638, 1710, 1729, 1744, 1858, 1968, 2072, 2073, 2091, 2094, 2125, 2126, 2351, 2357, 2412, 2486]"
764,"['London', 'Newcastle']",24,"[1027, 1078, 1109, 1260, 1277, 1430, 1492, 1676, 1709, 1900, 1937, 2065, 2174, 2213, 2231, 2394, 2440, 2705, 2709, 2728, 2755, 2758, 2878, 2910]"
251,"['Birmingham', 'Manchester']",24,"[1134, 1158, 1277, 1511, 1584, 1592, 1718, 1900, 2028, 2093, 2111, 2113, 2178, 2315, 2398, 2463, 2534, 2721, 2728, 2789, 2811, 2907, 2910, 2912]"
5,"['Amsterdam', 'Brussels']",23,"[962, 985, 1283, 1343, 1477, 1500, 1652, 1659, 1887, 1888, 1894, 2056, 2059, 2219, 2350, 2424, 2461, 2523, 2531, 2543, 2552, 2793, 2836]"
700,"['Liverpool', 'Madrid']",23,"[1095, 1204, 1207, 1222, 1542, 1591, 1838, 1839, 1911, 1975, 2003, 2342, 2376, 2393, 2633, 2665, 2694, 2860, 2903, 2904, 2906, 2908, 2915]"
97,"['Barcelona', 'Berlin']",23,"[1077, 1158, 1213, 1298, 1315, 1349, 1476, 1629, 1638, 1639, 1713, 1721, 1732, 1846, 1943, 1976, 2073, 2222, 2351, 2474, 2510, 2749, 2822]"
246,"['Birmingham', 'Liverpool']",22,"[1134, 1277, 1417, 1536, 1584, 1693, 1718, 1900, 1965, 1999, 2315, 2398, 2404, 2405, 2442, 2538, 2621, 2728, 2734, 2827, 2907, 2910]"
781,"['London', 'Munich_merged']",22,"[998, 1083, 1114, 1116, 1117, 1369, 1431, 1834, 1844, 1859, 1890, 1931, 1939, 2013, 2206, 2292, 2294, 2296, 2487, 2586, 2593, 2689]"
712,"['Liverpool', 'Milan_merged']",22,"[979, 1011, 1096, 1408, 1447, 1491, 1938, 1973, 2006, 2207, 2549, 2582, 2633, 2642, 2768, 2803, 2817, 2860, 2874, 2903, 2904, 2915]"
1,"['Amsterdam', 'Barcelona']",22,"[1070, 1077, 1158, 1269, 1348, 1349, 1387, 1436, 1638, 1644, 1734, 1809, 1815, 1920, 1943, 2062, 2073, 2133, 2351, 2510, 2801, 2822]"
161,"['Berlin', 'Madrid']",22,"[964, 1158, 1271, 1283, 1335, 1730, 1732, 1781, 1782, 1943, 2125, 2234, 2242, 2263, 2638, 2714, 2880, 2893, 2903, 2904, 2906, 2915]"
40,"['Amsterdam', 'Munich_merged']",21,"[1311, 1340, 1348, 1349, 1359, 1363, 1370, 1451, 1500, 1528, 1638, 1818, 1858, 1939, 2173, 2270, 2479, 2714, 2715, 2801, 2822]"
20,"['Amsterdam', 'Madrid']",20,"[964, 1158, 1269, 1283, 1348, 1436, 1438, 1645, 1786, 1809, 1943, 2125, 2354, 2638, 2714, 2893, 2903, 2904, 2906, 2915]"
127,"['Barcelona', 'Milan_merged']",20,"[1052, 1158, 1348, 1408, 1462, 1491, 1790, 1877, 1979, 2073, 2207, 2307, 2430, 2489, 2582, 2656, 2663, 2778, 2817, 2902]"
354,"['Budapest', 'Vienna_merged']",20,"[954, 964, 1158, 1307, 1330, 1720, 1775, 1889, 1921, 1980, 2066, 2070, 2084, 2129, 2137, 2575, 2595, 2747, 2798, 2893]"
848,"['Manchester', 'Newcastle']",19,"[1260, 1277, 1576, 1597, 1620, 1900, 1961, 2001, 2112, 2123, 2165, 2326, 2491, 2705, 2728, 2730, 2780, 2878, 2910]"
380,"['Dublin', 'Paris']",19,"[1038, 1088, 1271, 1445, 1469, 1557, 1612, 1628, 1631, 1644, 1734, 1764, 1857, 2099, 2101, 2132, 2302, 2561, 2610]"
494,"['Glasgow', 'Manchester']",18,"[1366, 1473, 1511, 1584, 1718, 1795, 1900, 1951, 1957, 2113, 2420, 2443, 2476, 2534, 2834, 2869, 2870, 2907]"
135,"['Barcelona', 'Munich_merged']",18,"[1023, 1183, 1251, 1348, 1349, 1408, 1491, 1638, 1732, 1733, 1976, 2026, 2177, 2294, 2654, 2663, 2801, 2822]"
1192,"['Munich_merged', 'Prague_merged']",18,"[967, 1120, 1311, 1348, 1349, 1370, 1497, 1638, 1736, 1788, 1858, 1921, 2206, 2226, 2344, 2479, 2487, 2790]"
147,"['Berlin', 'Budapest']",18,"[964, 967, 1158, 1213, 1541, 1720, 1725, 1921, 2058, 2066, 2351, 2407, 2567, 2575, 2576, 2595, 2798, 2893]"
126,"['Barcelona', 'Valencia']",18,"[1103, 1299, 1388, 1634, 1635, 1809, 2159, 2164, 2324, 2328, 2395, 2451, 2489, 2515, 2556, 2749, 2817, 2876]"
1125,"['Roma_merged', 'Munich_merged']",17,"[971, 1012, 1120, 1348, 1385, 1638, 1732, 1733, 1858, 2177, 2294, 2593, 2687, 2689, 2729, 2801, 2868]"
783,"['London', 'Copenhagen_merged']",16,"[962, 964, 1173, 1283, 1419, 1503, 1688, 2188, 2236, 2293, 2318, 2361, 2570, 2595, 2673, 2782]"
116,"['Barcelona', 'Manchester']",16,"[1158, 1183, 1281, 1371, 1406, 1435, 1490, 1542, 1545, 1551, 1648, 1911, 1966, 2307, 2656, 2817]"
819,"['Madrid', 'Manchester']",16,"[1158, 1433, 1542, 1546, 1551, 1555, 1805, 1873, 1911, 1969, 2020, 2307, 2633, 2656, 2658, 2665]"
653,"['Krakow', 'Warsaw_merged']",16,"[1164, 1265, 1345, 1421, 1437, 1768, 1925, 2036, 2243, 2279, 2422, 2508, 2513, 2596, 2820, 2824]"
26,"['Amsterdam', 'Rotterdam']",16,"[970, 1092, 1553, 1562, 1664, 1682, 1760, 1809, 1851, 1985, 2172, 2502, 2533, 2535, 2543, 2594]"
140,"['Barcelona', 'Sevilla_merged']",16,"[963, 1074, 1298, 1299, 1780, 1850, 2128, 2241, 2526, 2550, 2654, 2656, 2663, 2697, 2712, 2867]"
1092,"['Milan_merged', 'Naples_merged']",16,"[996, 1059, 1142, 1218, 1324, 1405, 1632, 1666, 1997, 2281, 2291, 2307, 2759, 2903, 2904, 2915]"
829,"['Madrid', 'Valencia']",16,"[1103, 1264, 1299, 1534, 1634, 1635, 1809, 1919, 1975, 2324, 2328, 2451, 2489, 2515, 2615, 2896]"
179,"['Berlin', 'Warsaw_merged']",16,"[1016, 1062, 1091, 1165, 1181, 1271, 1284, 1315, 1497, 1907, 1918, 1921, 1926, 2332, 2480, 2824]"
528,"['Hamburg', 'London']",15,"[1022, 1033, 1049, 1083, 1158, 1165, 1199, 1650, 1749, 1751, 2025, 2406, 2543, 2594, 2638]"
1124,"['Roma_merged', 'Vienna_merged']",15,"[964, 982, 1012, 1077, 1120, 1158, 1271, 1580, 1729, 1744, 1858, 2070, 2120, 2214, 2689]"
703,"['Liverpool', 'Newcastle']",15,"[1260, 1277, 1350, 1900, 2018, 2165, 2326, 2485, 2694, 2705, 2728, 2730, 2780, 2853, 2910]"
928,"['Paris', 'Stockholm']",14,"[964, 1071, 1158, 1271, 1315, 1477, 1553, 1638, 1799, 2215, 2510, 2539, 2540, 2715]"
843,"['Madrid', 'Sevilla_merged']",14,"[953, 963, 1141, 1299, 1745, 1814, 2343, 2526, 2550, 2656, 2658, 2663, 2697, 2862]"
773,"['London', 'Milan_merged']",14,"[1080, 1149, 1158, 1192, 1346, 1351, 1538, 1655, 1837, 2417, 2421, 2453, 2633, 2851]"
1028,"['Stockholm', 'Copenhagen_merged']",14,"[964, 1481, 1638, 1725, 1820, 1864, 2055, 2153, 2325, 2462, 2528, 2622, 2715, 2745]"
11,"['Amsterdam', 'Hamburg']",14,"[1049, 1158, 1349, 1650, 1707, 2096, 2543, 2594, 2638, 2893, 2903, 2904, 2906, 2915]"
875,"['Marseille', 'Paris']",14,"[1056, 1097, 1258, 1757, 1759, 2029, 2043, 2313, 2331, 2564, 2626, 2715, 2831, 2833]"
534,"['Hamburg', 'Paris']",14,"[1049, 1158, 1168, 1333, 1650, 1749, 2096, 2543, 2638, 2679, 2893, 2903, 2904, 2915]"
769,"['London', 'Stockholm']",13,"[964, 1158, 1198, 1237, 1253, 1271, 1396, 1515, 1931, 2117, 2371, 2478, 2713]"
550,"['Hamburg', 'Munich_merged']",13,"[976, 1083, 1188, 1349, 1497, 1581, 1726, 2216, 2262, 2321, 2542, 2566, 2614]"
183,"['Berlin', 'Copenhagen_merged']",13,"[962, 964, 1135, 1283, 1638, 1725, 1730, 1765, 2096, 2595, 2715, 2872, 2873]"
942,"['Paris', 'Copenhagen_merged']",13,"[962, 964, 1283, 1607, 1638, 1765, 1783, 1861, 1882, 1903, 2096, 2595, 2715]"
139,"['Barcelona', 'Prague_merged']",13,"[1077, 1298, 1348, 1349, 1572, 1638, 1734, 1744, 1809, 2073, 2239, 2351, 2507]"
111,"['Barcelona', 'Liverpool']",13,"[1099, 1183, 1184, 1210, 1281, 1408, 1448, 1491, 1542, 1911, 2207, 2582, 2817]"
1099,"['Milan_merged', 'Torino_merged']",13,"[996, 1124, 1158, 1170, 1218, 1297, 2492, 2757, 2778, 2898, 2903, 2904, 2915]"
169,"['Berlin', 'Stockholm']",12,"[964, 981, 986, 1158, 1271, 1315, 1515, 1638, 1725, 2510, 2620, 2715]"
174,"['Berlin', 'Athens_merged']",12,"[968, 982, 1063, 1158, 2170, 2707, 2893, 2903, 2904, 2905, 2906, 2915]"
935,"['Paris', 'Lisboa_merged']",12,"[964, 1158, 1271, 1348, 1540, 2106, 2224, 2354, 2429, 2903, 2904, 2915]"
42,"['Amsterdam', 'Copenhagen_merged']",12,"[962, 964, 1196, 1283, 1590, 1638, 1783, 2096, 2188, 2227, 2518, 2715]"
339,"['Budapest', 'Paris']",12,"[964, 967, 1158, 1541, 1921, 2058, 2351, 2479, 2576, 2595, 2839, 2893]"
308,"['Brussels', 'Lisboa_merged']",12,"[1041, 1108, 1271, 1452, 1970, 1988, 2009, 2082, 2083, 2148, 2286, 2288]"
774,"['London', 'Athens_merged']",12,"[1063, 1147, 1158, 1190, 1419, 2121, 2247, 2294, 2311, 2450, 2465, 2850]"
936,"['Paris', 'Naples_merged']",12,"[964, 977, 999, 1119, 1139, 1368, 1410, 1793, 1828, 2903, 2904, 2915]"
39,"['Amsterdam', 'Vienna_merged']",12,"[964, 1077, 1158, 1349, 1381, 1531, 1700, 1786, 1858, 2270, 2558, 2893]"
833,"['Madrid', 'Lisboa_merged']",11,"[964, 1073, 1158, 1271, 1348, 1790, 2354, 2903, 2904, 2906, 2915]"
933,"['Paris', 'Athens_merged']",11,"[1012, 1147, 1158, 1174, 1806, 1855, 1857, 2893, 2903, 2904, 2915]"
1128,"['Roma_merged', 'Torino_merged']",11,"[996, 1140, 1158, 1218, 1273, 1819, 2177, 2492, 2757, 2778, 2788]"
659,"['Krakow', 'Prague_merged']",11,"[1164, 1217, 1728, 1744, 1809, 2058, 2066, 2351, 2355, 2447, 2532]"
489,"['Glasgow', 'Liverpool']",10,"[1122, 1175, 1355, 1584, 1718, 1900, 1951, 1954, 2110, 2907]"
333,"['Budapest', 'London']",10,"[964, 1158, 1446, 1588, 1889, 2058, 2576, 2595, 2651, 2839]"
390,"['Dublin', 'Roma_merged']",10,"[1003, 1038, 1074, 1088, 1271, 1644, 1713, 2156, 2368, 2814]"
28,"['Amsterdam', 'Stockholm']",10,"[964, 1158, 1477, 1513, 1553, 1613, 1638, 2510, 2597, 2715]"
32,"['Amsterdam', 'Milan_merged']",10,"[1158, 1311, 1346, 1348, 1613, 1932, 2073, 2903, 2904, 2915]"
857,"['Manchester', 'Milan_merged']",10,"[989, 1065, 1158, 1416, 1555, 2307, 2633, 2656, 2659, 2817]"
182,"['Berlin', 'Cologne_merged']",10,"[1083, 1188, 1282, 1326, 1394, 1762, 2057, 2542, 2675, 2843]"
240,"['Birmingham', 'Glasgow']",10,"[1310, 1511, 1584, 1718, 1723, 1900, 2113, 2449, 2534, 2907]"
777,"['London', 'Naples_merged']",9,"[964, 977, 999, 1063, 1119, 1139, 1368, 1793, 1828]"
33,"['Amsterdam', 'Athens_merged']",9,"[1070, 1158, 2118, 2893, 2903, 2904, 2905, 2906, 2915]"
6,"['Amsterdam', 'Budapest']",9,"[964, 1007, 1158, 1311, 1809, 2058, 2351, 2479, 2893]"
7,"['Amsterdam', 'Dublin']",9,"[1520, 1612, 1628, 1631, 1644, 1734, 2078, 2258, 2280]"
831,"['Madrid', 'Athens_merged']",9,"[1158, 1790, 2089, 2121, 2893, 2903, 2904, 2906, 2915]"
1180,"['Vienna_merged', 'Munich_merged']",9,"[1012, 1058, 1120, 1349, 1858, 1921, 2270, 2487, 2689]"
146,"['Berlin', 'Brussels']",9,"[962, 986, 1271, 1283, 1500, 1845, 2056, 2424, 2793]"
1205,"['Copenhagen_merged', 'Prague_merged']",9,"[964, 1480, 1496, 1638, 1724, 1725, 2094, 2528, 2595]"
35,"['Amsterdam', 'Lisboa_merged']",9,"[964, 1158, 1348, 2080, 2354, 2903, 2904, 2906, 2915]"
53,"['Antwerp', 'Brussels']",9,"[1887, 2075, 2076, 2202, 2543, 2552, 2603, 2639, 2643]"
1101,"['Milan_merged', 'Sevilla_merged']",9,"[1141, 1301, 1695, 1745, 2047, 2388, 2656, 2662, 2663]"
1096,"['Milan_merged', 'Munich_merged']",9,"[1311, 1348, 1408, 1491, 1674, 2549, 2663, 2687, 2735]"
102,"['Barcelona', 'Dublin']",8,"[1038, 1074, 1378, 1469, 1644, 1713, 1734, 2495]"
170,"['Berlin', 'Stuttgart']",8,"[1019, 1057, 1083, 1158, 1188, 1236, 1752, 2444]"
176,"['Berlin', 'Lisboa_merged']",8,"[964, 1158, 1271, 2684, 2903, 2904, 2906, 2915]"
782,"['London', 'Cologne_merged']",8,"[1083, 1394, 1526, 1743, 1887, 2149, 2537, 2543]"
837,"['Madrid', 'Vienna_merged']",8,"[964, 1158, 1271, 1548, 1595, 1730, 1786, 2893]"
377,"['Dublin', 'Manchester']",8,"[1499, 2141, 2147, 2534, 2580, 2767, 2773, 2834]"
128,"['Barcelona', 'Athens_merged']",8,"[1070, 1158, 1790, 2005, 2121, 2155, 2294, 2311]"
1120,"['Roma_merged', 'Lisboa_merged']",8,"[964, 1158, 1271, 1348, 1790, 2184, 2354, 2808]"
776,"['London', 'Lisboa_merged']",8,"[964, 1158, 1271, 1987, 2009, 2146, 2379, 2380]"
173,"['Berlin', 'Milan_merged']",8,"[1000, 1149, 1158, 1346, 2073, 2903, 2904, 2915]"
941,"['Paris', 'Cologne_merged']",7,"[1392, 1394, 1507, 1887, 2210, 2334, 2543]"
1045,"['Stuttgart', 'Munich_merged']",7,"[1083, 1188, 2244, 2416, 2418, 2568, 2663]"
1149,"['Naples_merged', 'Vienna_merged']",7,"[964, 977, 999, 1119, 1139, 1368, 1828]"
1153,"['Naples_merged', 'Torino_merged']",7,"[996, 1218, 1273, 2677, 2903, 2904, 2915]"
253,"['Birmingham', 'Newcastle']",7,"[1277, 1589, 1900, 1992, 2213, 2728, 2910]"
355,"['Budapest', 'Munich_merged']",7,"[967, 1311, 1403, 1913, 1921, 2226, 2479]"
530,"['Hamburg', 'Madrid']",7,"[1158, 2638, 2893, 2903, 2904, 2906, 2915]"
0,"['Amsterdam', 'Antwerp']",7,"[1657, 1887, 2096, 2506, 2543, 2552, 2638]"
130,"['Barcelona', 'Lisboa_merged']",7,"[1158, 1348, 1540, 1790, 2106, 2395, 2712]"
767,"['London', 'Rotterdam']",7,"[1037, 1165, 1253, 1279, 1294, 2543, 2594]"
838,"['Madrid', 'Munich_merged']",7,"[1348, 1560, 1732, 2026, 2663, 2687, 2714]"
72,"['Antwerp', 'Paris']",7,"[1427, 1657, 1779, 1887, 2096, 2543, 2638]"
1189,"['Munich_merged', 'Cologne_merged']",7,"[1083, 1188, 1726, 1762, 2418, 2542, 2843]"
123,"['Barcelona', 'Stockholm']",7,"[1023, 1158, 1315, 1595, 1638, 1896, 2510]"
804,"['Lyon', 'Roma_merged']",6,"[1158, 1790, 2163, 2473, 2572, 2689]"
760,"['London', 'Lyon']",6,"[1158, 1253, 1485, 1824, 1859, 2689]"
1100,"['Milan_merged', 'Prague_merged']",6,"[1000, 1311, 1348, 1906, 2073, 2414]"
926,"['Paris', 'Rotterdam']",6,"[1279, 1375, 1414, 1553, 1986, 2543]"
1106,"['Athens_merged', 'Lisboa_merged']",6,"[1158, 1790, 2903, 2904, 2906, 2915]"
1091,"['Milan_merged', 'Lisboa_merged']",6,"[1158, 1348, 1790, 2903, 2904, 2915]"
543,"['Hamburg', 'Athens_merged']",6,"[1158, 2893, 2903, 2904, 2906, 2915]"
1182,"['Vienna_merged', 'Copenhagen_merged']",6,"[964, 1730, 1735, 2145, 2217, 2595]"
551,"['Hamburg', 'Cologne_merged']",6,"[1083, 1188, 1326, 1726, 2542, 2543]"
672,"['Lille', 'Paris']",6,"[1482, 2313, 2317, 2331, 2543, 2833]"
1030,"['Stockholm', 'Prague_merged']",6,"[964, 1638, 1725, 2528, 2600, 2620]"
1056,"['Thessaloniki', 'Athens_merged']",6,"[1411, 1618, 2569, 2850, 2899, 2911]"
711,"['Liverpool', 'Valencia']",6,"[1975, 2438, 2549, 2706, 2727, 2817]"
549,"['Hamburg', 'Vienna_merged']",6,"[1158, 1307, 1349, 2087, 2322, 2893]"
16,"['Amsterdam', 'Liverpool']",6,"[1286, 1520, 2903, 2904, 2906, 2915]"
790,"['Lyon', 'Madrid']",6,"[1158, 1790, 1807, 2652, 2661, 2663]"
526,"['Hamburg', 'Liverpool']",6,"[1952, 2261, 2903, 2904, 2906, 2915]"
1175,"['Warsaw_merged', 'Prague_merged']",6,"[1026, 1164, 1428, 1497, 1722, 1921]"
155,"['Berlin', 'Krakow']",6,"[2058, 2066, 2081, 2351, 2403, 2824]"
366,"['Dublin', 'Glasgow']",6,"[1109, 1469, 2110, 2400, 2534, 2834]"
335,"['Budapest', 'Madrid']",6,"[964, 1158, 1809, 2089, 2839, 2893]"
770,"['London', 'Stuttgart']",5,"[1083, 1158, 1830, 2543, 2634]"
834,"['Madrid', 'Naples_merged']",5,"[964, 2307, 2903, 2904, 2915]"
840,"['Madrid', 'Copenhagen_merged']",5,"[964, 1283, 1730, 2229, 2285]"
101,"['Barcelona', 'Budapest']",5,"[1158, 1213, 1809, 2351, 2631]"
539,"['Hamburg', 'Stuttgart']",5,"[1083, 1158, 1188, 2252, 2543]"
496,"['Glasgow', 'Newcastle']",5,"[1109, 1229, 1461, 1900, 2065]"
66,"['Antwerp', 'London']",5,"[1377, 1657, 1887, 2543, 2638]"
1026,"['Stockholm', 'Munich_merged']",5,"[986, 1023, 1638, 1931, 2715]"
1020,"['Stockholm', 'Roma_merged']",5,"[964, 1158, 1271, 1553, 1638]"
938,"['Paris', 'Warsaw_merged']",5,"[1271, 1315, 1921, 2720, 2769]"
713,"['Liverpool', 'Athens_merged']",5,"[2683, 2903, 2904, 2906, 2915]"
841,"['Madrid', 'Torino_merged']",5,"[1158, 2778, 2903, 2904, 2915]"
493,"['Glasgow', 'Madrid']",5,"[964, 1325, 1469, 1916, 1979]"
826,"['Madrid', 'Stockholm']",5,"[964, 1158, 1271, 1595, 1800]"
177,"['Berlin', 'Naples_merged']",5,"[964, 1063, 2903, 2904, 2915]"
705,"['Liverpool', 'Porto']",5,"[1183, 1210, 1262, 1314, 1491]"
41,"['Amsterdam', 'Cologne_merged']",5,"[1687, 1887, 2210, 2543, 2675]"
670,"['Lille', 'Marseille']",5,"[1186, 2313, 2331, 2441, 2833]"
1133,"['Roma_merged', 'Nuremberg_merged']",5,"[1019, 1057, 1716, 2723, 2852]"
148,"['Berlin', 'Dublin']",5,"[1271, 1598, 1713, 1934, 2565]"
789,"['London', 'Nuremberg_merged']",5,"[1255, 1397, 1398, 1816, 2543]"
14,"['Amsterdam', 'Krakow']",5,"[1728, 1809, 2058, 2351, 2403]"
1127,"['Roma_merged', 'Copenhagen_merged']",5,"[964, 1444, 1638, 2094, 2609]"
134,"['Barcelona', 'Vienna_merged']",5,"[1077, 1158, 1349, 1595, 1744]"
157,"['Berlin', 'Liverpool']",5,"[1289, 2903, 2904, 2906, 2915]"
372,"['Dublin', 'Liverpool']",5,"[1520, 1965, 2110, 2336, 2773]"
329,"['Budapest', 'Krakow']",5,"[1809, 2058, 2066, 2351, 2355]"
554,"['Hamburg', 'Prague_merged']",5,"[1157, 1307, 1349, 1497, 2411]"
958,"['Porto', 'Lisboa_merged']",5,"[964, 1100, 1205, 2408, 2477]"
545,"['Hamburg', 'Lisboa_merged']",5,"[1158, 2903, 2904, 2906, 2915]"
779,"['London', 'Warsaw_merged']",5,"[1164, 1165, 1271, 1318, 2332]"
307,"['Brussels', 'Roma_merged']",5,"[1271, 1410, 2069, 2177, 2531]"
1089,"['Milan_merged', 'Athens_merged']",5,"[1158, 1790, 2903, 2904, 2915]"
120,"['Barcelona', 'Porto']",5,"[1183, 1210, 1491, 1780, 2663]"
36,"['Amsterdam', 'Naples_merged']",5,"[964, 1840, 2903, 2904, 2915]"
699,"['Liverpool', 'Lyon']",5,"[2189, 2267, 2488, 2498, 2551]"
437,"['Düsseldorf', 'Cologne_merged']",5,"[1090, 1188, 1326, 2418, 2914]"
943,"['Paris', 'Torino_merged']",5,"[1158, 2177, 2903, 2904, 2915]"
542,"['Hamburg', 'Milan_merged']",4,"[1158, 2903, 2904, 2915]"
1123,"['Roma_merged', 'Warsaw_merged']",4,"[1143, 1271, 1278, 2686]"
749,"['Lodz', 'Warsaw_merged']",4,"[1925, 1948, 2017, 2875]"
536,"['Hamburg', 'Rotterdam']",4,"[1165, 1274, 2543, 2594]"
865,"['Manchester', 'Munich_merged']",4,"[1183, 1510, 1931, 2235]"
810,"['Lyon', 'Munich_merged']",4,"[1859, 2654, 2663, 2689]"
1114,"['Athens_merged', 'Torino_merged']",4,"[1158, 2903, 2904, 2915]"
1110,"['Athens_merged', 'Vienna_merged']",4,"[982, 1012, 1158, 2893]"
1107,"['Athens_merged', 'Naples_merged']",4,"[1063, 2903, 2904, 2915]"
1021,"['Stockholm', 'Lisboa_merged']",4,"[964, 1158, 1239, 1271]"
1025,"['Stockholm', 'Vienna_merged']",4,"[964, 1158, 1271, 1595]"
43,"['Amsterdam', 'Torino_merged']",4,"[1158, 2903, 2904, 2915]"
1046,"['Stuttgart', 'Cologne_merged']",4,"[1083, 1188, 2418, 2543]"
312,"['Brussels', 'Vienna_merged']",4,"[1224, 1271, 1323, 2888]"
313,"['Brussels', 'Munich_merged']",4,"[986, 1500, 1842, 2177]"
407,"['Düsseldorf', 'Hamburg']",4,"[1158, 1188, 1326, 2624]"
384,"['Dublin', 'Stockholm']",4,"[1271, 2828, 2830, 2832]"
326,"['Budapest', 'Hamburg']",4,"[1158, 1307, 2265, 2893]"
1072,"['Valencia', 'Milan_merged']",4,"[1919, 2489, 2549, 2817]"
353,"['Budapest', 'Warsaw_merged']",4,"[1423, 1921, 2439, 2631]"
293,"['Brussels', 'Madrid']",4,"[1271, 1283, 1390, 1868]"
349,"['Budapest', 'Roma_merged']",4,"[964, 1158, 2070, 2351]"
720,"['Liverpool', 'Munich_merged']",4,"[1183, 1408, 1491, 2549]"
348,"['Budapest', 'Athens_merged']",4,"[1158, 2089, 2544, 2893]"
716,"['Liverpool', 'Naples_merged']",4,"[1448, 2903, 2904, 2915]"
715,"['Liverpool', 'Lisboa_merged']",4,"[2903, 2904, 2906, 2915]"
856,"['Manchester', 'Valencia']",4,"[1852, 2176, 2703, 2817]"
1190,"['Munich_merged', 'Copenhagen_merged']",4,"[1638, 1765, 2715, 2718]"
189,"['Berlin', 'Nuremberg_merged']",4,"[1019, 1057, 1950, 2710]"
633,"['Krakow', 'London']",4,"[1164, 1744, 2058, 2403]"
704,"['Liverpool', 'Paris']",4,"[2786, 2903, 2904, 2915]"
1141,"['Lisboa_merged', 'Torino_merged']",4,"[1158, 2903, 2904, 2915]"
114,"['Barcelona', 'Lyon']",4,"[1158, 1790, 2654, 2663]"
184,"['Berlin', 'Torino_merged']",4,"[1158, 2903, 2904, 2915]"
639,"['Krakow', 'Paris']",4,"[1744, 2058, 2351, 2403]"
553,"['Hamburg', 'Torino_merged']",4,"[1158, 2903, 2904, 2915]"
167,"['Berlin', 'Rotterdam']",4,"[1037, 1165, 1386, 1715]"
1134,"['Lisboa_merged', 'Naples_merged']",4,"[964, 2903, 2904, 2915]"
842,"['Madrid', 'Prague_merged']",4,"[964, 1348, 1809, 2125]"
425,"['Düsseldorf', 'Stuttgart']",3,"[1158, 1188, 2418]"
124,"['Barcelona', 'Stuttgart']",3,"[1158, 1633, 2663]"
654,"['Krakow', 'Vienna_merged']",3,"[1744, 2066, 2555]"
19,"['Amsterdam', 'Lyon']",3,"[1158, 2135, 2743]"
317,"['Brussels', 'Prague_merged']",3,"[1617, 1845, 1906]"
1171,"['Warsaw_merged', 'Munich_merged']",3,"[1497, 1921, 2046]"
931,"['Paris', 'Valencia']",3,"[1409, 2749, 2772]"
280,"['Brussels', 'Dublin']",3,"[1271, 1445, 2052]"
109,"['Barcelona', 'Krakow']",3,"[1744, 1809, 2351]"
21,"['Amsterdam', 'Manchester']",3,"[1158, 1286, 1449]"
849,"['Manchester', 'Paris']",3,"[1158, 1501, 1546]"
929,"['Paris', 'Stuttgart']",3,"[1024, 1158, 2543]"
100,"['Barcelona', 'Brussels']",3,"[1868, 2177, 2724]"
107,"['Barcelona', 'Helsinki']",3,"[973, 1028, 2294]"
1085,"['Valencia', 'Sevilla_merged']",3,"[983, 1299, 2169]"
301,"['Brussels', 'Stockholm']",3,"[986, 1271, 1477]"
288,"['Brussels', 'Lille']",3,"[2347, 2543, 2833]"
22,"['Amsterdam', 'Marseille']",3,"[2313, 2384, 2715]"
1039,"['Stuttgart', 'Roma_merged']",3,"[1019, 1057, 1158]"
391,"['Dublin', 'Lisboa_merged']",3,"[1271, 2290, 2379]"
778,"['London', 'Bucuresti_merged']",3,"[1211, 1338, 2349]"
59,"['Antwerp', 'Hamburg']",3,"[2096, 2543, 2638]"
802,"['Lyon', 'Milan_merged']",3,"[1158, 1790, 2663]"
1170,"['Warsaw_merged', 'Vienna_merged']",3,"[1271, 1921, 2061]"
162,"['Berlin', 'Manchester']",3,"[1158, 1365, 2613]"
1196,"['Munich_merged', 'Nuremberg_merged']",3,"[976, 1977, 2034]"
1181,"['Vienna_merged', 'Cologne_merged']",3,"[2088, 2248, 2844]"
945,"['Paris', 'Sevilla_merged']",3,"[1301, 1695, 2047]"
138,"['Barcelona', 'Torino_merged']",3,"[1158, 2177, 2778]"
343,"['Budapest', 'Stockholm']",3,"[964, 1158, 1725]"
1142,"['Lisboa_merged', 'Prague_merged']",3,"[964, 1348, 2362]"
344,"['Budapest', 'Stuttgart']",3,"[1158, 1486, 2466]"
955,"['Porto', 'Milan_merged']",3,"[1491, 2303, 2663]"
823,"['Madrid', 'Porto']",3,"[964, 1081, 2663]"
544,"['Hamburg', 'Roma_merged']",3,"[1158, 2638, 2679]"
558,"['Hamburg', 'Nuremberg_merged']",3,"[976, 1763, 2543]"
1138,"['Lisboa_merged', 'Munich_merged']",3,"[1203, 1348, 2224]"
1137,"['Lisboa_merged', 'Vienna_merged']",3,"[964, 1158, 1271]"
1199,"['Cologne_merged', 'Prague_merged']",3,"[1711, 1963, 2248]"
546,"['Hamburg', 'Naples_merged']",3,"[2903, 2904, 2915]"
859,"['Manchester', 'Roma_merged']",3,"[1158, 1459, 1879]"
548,"['Hamburg', 'Warsaw_merged']",3,"[1165, 1497, 2520]"
552,"['Hamburg', 'Copenhagen_merged']",3,"[2096, 2252, 2605]"
376,"['Dublin', 'Madrid']",3,"[1271, 1378, 1469]"
357,"['Budapest', 'Copenhagen_merged']",3,"[964, 1725, 2595]"
574,"['Helsinki', 'Stockholm']",3,"[1248, 2646, 2847]"
963,"['Porto', 'Munich_merged']",3,"[1183, 1491, 2663]"
497,"['Glasgow', 'Paris']",3,"[964, 1469, 1916]"
850,"['Manchester', 'Porto']",3,"[1183, 1302, 2119]"
15,"['Amsterdam', 'Lille']",3,"[2313, 2317, 2543]"
813,"['Lyon', 'Torino_merged']",3,"[1158, 2536, 2881]"
206,"['Bilbao', 'Madrid']",3,"[1595, 1615, 2584]"
1053,"['Stuttgart', 'Nuremberg_merged']",3,"[1019, 1057, 2543]"
149,"['Berlin', 'Düsseldorf']",3,"[1158, 1188, 1326]"
723,"['Liverpool', 'Torino_merged']",3,"[2903, 2904, 2915]"
531,"['Hamburg', 'Manchester']",3,"[1158, 1322, 2339]"
1063,"['Thessaloniki', 'Munich_merged']",2,"[1296, 1311]"
798,"['Lyon', 'Stockholm']",2,"[1158, 1253]"
1074,"['Valencia', 'Roma_merged']",2,"[2749, 2772]"
666,"['Lille', 'London']",2,"[2317, 2543]"
870,"['Manchester', 'Sevilla_merged']",2,"[2656, 2658]"
853,"['Manchester', 'Stockholm']",2,"[1158, 1931]"
792,"['Lyon', 'Marseille']",2,"[1759, 2331]"
350,"['Budapest', 'Lisboa_merged']",2,"[964, 1158]"
400,"['Dublin', 'Prague_merged']",2,"[1734, 2258]"
389,"['Dublin', 'Athens_merged']",2,"[1419, 1857]"
667,"['Lille', 'Lyon']",2,"[1482, 2331]"
1024,"['Stockholm', 'Warsaw_merged']",2,"[1271, 1315]"
649,"['Krakow', 'Roma_merged']",2,"[1744, 2351]"
501,"['Glasgow', 'Stockholm']",2,"[964, 1848]"
825,"['Madrid', 'Sofia']",2,"[1786, 2033]"
547,"['Hamburg', 'Bucuresti_merged']",2,"[1176, 1177]"
820,"['Madrid', 'Marseille']",2,"[1748, 2796]"
564,"['Helsinki', 'London']",2,"[2294, 2804]"
959,"['Porto', 'Naples_merged']",2,"[964, 1983]"
815,"['Lyon', 'Sevilla_merged']",2,"[2654, 2663]"
948,"['Paris', 'Nuremberg_merged']",2,"[1977, 2543]"
809,"['Lyon', 'Vienna_merged']",2,"[1158, 2689]"
968,"['Porto', 'Sevilla_merged']",2,"[1780, 2663]"
517,"['Glasgow', 'Prague_merged']",2,"[964, 2459]"
973,"['Rotterdam', 'Stockholm']",2,"[1253, 1553]"
509,"['Glasgow', 'Naples_merged']",2,"[964, 2291]"
507,"['Glasgow', 'Roma_merged']",2,"[964, 2291]"
505,"['Glasgow', 'Milan_merged']",2,"[1979, 2291]"
979,"['Rotterdam', 'Roma_merged']",2,"[1414, 1553]"
883,"['Marseille', 'Milan_merged']",2,"[1491, 1748]"
580,"['Helsinki', 'Roma_merged']",2,"[1750, 2294]"
805,"['Lyon', 'Lisboa_merged']",2,"[1158, 1790]"
588,"['Helsinki', 'Copenhagen_merged']",2,"[2741, 2818]"
989,"['Rotterdam', 'Prague_merged']",2,"[1386, 1809]"
1018,"['Stockholm', 'Milan_merged']",2,"[1158, 1613]"
803,"['Lyon', 'Athens_merged']",2,"[1158, 1790]"
927,"['Paris', 'Sofia']",2,"[1328, 1786]"
925,"['Paris', 'Porto']",2,"[964, 1596]"
827,"['Madrid', 'Stuttgart']",2,"[1158, 2663]"
768,"['London', 'Sofia']",2,"[1786, 2481]"
632,"['Krakow', 'Lodz']",2,"[1717, 1925]"
891,"['Marseille', 'Munich_merged']",2,"[1491, 2715]"
436,"['Düsseldorf', 'Munich_merged']",2,"[1188, 2418]"
1037,"['Stuttgart', 'Milan_merged']",2,"[1158, 2663]"
821,"['Madrid', 'Newcastle']",2,"[1865, 2694]"
799,"['Lyon', 'Stuttgart']",2,"[1158, 2663]"
347,"['Budapest', 'Milan_merged']",2,"[1158, 1311]"
178,"['Berlin', 'Bucuresti_merged']",2,"[1035, 2575]"
1140,"['Lisboa_merged', 'Copenhagen_merged']",2,"[964, 2500]"
105,"['Barcelona', 'Glasgow']",2,"[1469, 1979]"
29,"['Amsterdam', 'Stuttgart']",2,"[1158, 2543]"
237,"['Birmingham', 'Dublin']",2,"[1965, 2534]"
315,"['Brussels', 'Copenhagen_merged']",2,"[962, 1283]"
31,"['Amsterdam', 'Valencia']",2,"[1094, 1809]"
1122,"['Roma_merged', 'Bucuresti_merged']",2,"[1619, 1755]"
314,"['Brussels', 'Cologne_merged']",2,"[1887, 2543]"
99,"['Barcelona', 'Birmingham']",2,"[1158, 2701]"
151,"['Berlin', 'Glasgow']",2,"[964, 2483]"
166,"['Berlin', 'Porto']",2,"[964, 1596]"
305,"['Brussels', 'Milan_merged']",2,"[1906, 2388]"
262,"['Birmingham', 'Milan_merged']",2,"[1158, 1471]"
89,"['Antwerp', 'Cologne_merged']",2,"[1887, 2543]"
299,"['Brussels', 'Rotterdam']",2,"[1375, 2543]"
50,"['Antwerp', 'Berlin']",2,"[2096, 2638]"
186,"['Berlin', 'Sevilla_merged']",2,"[1298, 1794]"
87,"['Antwerp', 'Vienna_merged']",2,"[1379, 1427]"
1191,"['Munich_merged', 'Torino_merged']",2,"[2177, 2644]"
1193,"['Munich_merged', 'Sevilla_merged']",2,"[2654, 2663]"
268,"['Birmingham', 'Warsaw_merged']",2,"[1372, 1516]"
1111,"['Athens_merged', 'Munich_merged']",2,"[1012, 2294]"
1108,"['Athens_merged', 'Bucuresti_merged']",2,"[987, 988]"
153,"['Berlin', 'Helsinki']",2,"[1383, 1582]"
1165,"['Bucuresti_merged', 'Prague_merged']",2,"[1871, 2575]"
106,"['Barcelona', 'Hamburg']",2,"[1158, 1349]"
254,"['Birmingham', 'Paris']",2,"[1158, 2067]"
1160,"['Bucuresti_merged', 'Vienna_merged']",2,"[1871, 2575]"
133,"['Barcelona', 'Warsaw_merged']",2,"[1315, 2631]"
131,"['Barcelona', 'Naples_merged']",2,"[1448, 2307]"
1152,"['Naples_merged', 'Copenhagen_merged']",2,"[964, 2359]"
1154,"['Naples_merged', 'Prague_merged']",2,"[964, 2072]"
10,"['Amsterdam', 'Glasgow']",2,"[964, 1945]"
118,"['Barcelona', 'Newcastle']",2,"[1649, 1653]"
137,"['Barcelona', 'Copenhagen_merged']",2,"[1638, 2637]"
854,"['Manchester', 'Stuttgart']",1,[1158]
976,"['Rotterdam', 'Valencia']",1,[1809]
689,"['Lille', 'Cologne_merged']",1,[2543]
506,"['Glasgow', 'Athens_merged']",1,[2450]
1113,"['Athens_merged', 'Copenhagen_merged']",1,[1419]
508,"['Glasgow', 'Lisboa_merged']",1,[964]
265,"['Birmingham', 'Lisboa_merged']",1,[1158]
1183,"['Vienna_merged', 'Torino_merged']",1,[1158]
974,"['Rotterdam', 'Stuttgart']",1,[2543]
836,"['Madrid', 'Warsaw_merged']",1,[1271]
512,"['Glasgow', 'Vienna_merged']",1,[964]
861,"['Manchester', 'Naples_merged']",1,[2307]
584,"['Helsinki', 'Warsaw_merged']",1,[1768]
264,"['Birmingham', 'Roma_merged']",1,[1158]
839,"['Madrid', 'Cologne_merged']",1,[2068]
515,"['Glasgow', 'Copenhagen_merged']",1,[964]
132,"['Barcelona', 'Bucuresti_merged']",1,[1953]
263,"['Birmingham', 'Athens_merged']",1,[1158]
90,"['Antwerp', 'Copenhagen_merged']",1,[2096]
586,"['Helsinki', 'Munich_merged']",1,[2294]
835,"['Madrid', 'Bucuresti_merged']",1,[1331]
269,"['Birmingham', 'Vienna_merged']",1,[1158]
498,"['Glasgow', 'Porto']",1,[964]
993,"['Rotterdam', 'Nuremberg_merged']",1,[2543]
74,"['Antwerp', 'Rotterdam']",1,[2543]
858,"['Manchester', 'Athens_merged']",1,[1158]
991,"['Rotterdam', 'Oberhausen_merged']",1,[2543]
669,"['Lille', 'Manchester']",1,[2346]
1179,"['Warsaw_merged', 'Nuremberg_merged']",1,[1876]
145,"['Berlin', 'Birmingham']",1,[1158]
77,"['Antwerp', 'Stuttgart']",1,[2543]
986,"['Rotterdam', 'Cologne_merged']",1,[2543]
868,"['Manchester', 'Torino_merged']",1,[1158]
487,"['Glasgow', 'Krakow']",1,[2501]
80,"['Antwerp', 'Milan_merged']",1,[1407]
1104,"['Milan_merged', 'Nuremberg_merged']",1,[2032]
983,"['Rotterdam', 'Warsaw_merged']",1,[1165]
81,"['Antwerp', 'Athens_merged']",1,[2548]
274,"['Birmingham', 'Prague_merged']",1,[2277]
273,"['Birmingham', 'Torino_merged']",1,[1158]
82,"['Antwerp', 'Roma_merged']",1,[2638]
860,"['Manchester', 'Lisboa_merged']",1,[1158]
867,"['Manchester', 'Copenhagen_merged']",1,[1064]
674,"['Lille', 'Rotterdam']",1,[2543]
967,"['Porto', 'Prague_merged']",1,[964]
864,"['Manchester', 'Vienna_merged']",1,[1158]
241,"['Birmingham', 'Hamburg']",1,[1158]
238,"['Birmingham', 'Düsseldorf']",1,[1158]
214,"['Bilbao', 'Stockholm']",1,[1595]
236,"['Birmingham', 'Budapest']",1,[1158]
709,"['Liverpool', 'Stuttgart']",1,[2273]
1130,"['Roma_merged', 'Sevilla_merged']",1,[1074]
920,"['Newcastle', 'Prague_merged']",1,[2514]
677,"['Lille', 'Stuttgart']",1,[2543]
225,"['Bilbao', 'Vienna_merged']",1,[1595]
1136,"['Lisboa_merged', 'Warsaw_merged']",1,[1271]
951,"['Porto', 'Stockholm']",1,[964]
556,"['Hamburg', 'Oberhausen_merged']",1,[2543]
957,"['Porto', 'Roma_merged']",1,[964]
946,"['Paris', 'Oberhausen_merged']",1,[2543]
121,"['Barcelona', 'Rotterdam']",1,[1809]
560,"['Helsinki', 'Krakow']",1,[1768]
117,"['Barcelona', 'Marseille']",1,[1491]
702,"['Liverpool', 'Marseille']",1,[1491]
1143,"['Lisboa_merged', 'Sevilla_merged']",1,[2712]
952,"['Porto', 'Stuttgart']",1,[2663]
346,"['Budapest', 'Valencia']",1,[1809]
122,"['Barcelona', 'Sofia']",1,[1639]
696,"['Lille', 'Nuremberg_merged']",1,[2543]
249,"['Birmingham', 'Lyon']",1,[1158]
965,"['Porto', 'Copenhagen_merged']",1,[964]
94,"['Antwerp', 'Oberhausen_merged']",1,[2543]
525,"['Hamburg', 'Lille']",1,[2543]
261,"['Birmingham', 'Valencia']",1,[2669]
259,"['Birmingham', 'Stuttgart']",1,[1158]
258,"['Birmingham', 'Stockholm']",1,[1158]
529,"['Hamburg', 'Lyon']",1,[1158]
96,"['Antwerp', 'Nuremberg_merged']",1,[2543]
532,"['Hamburg', 'Marseille']",1,[1274]
962,"['Porto', 'Vienna_merged']",1,[964]
714,"['Liverpool', 'Roma_merged']",1,[2786]
535,"['Hamburg', 'Porto']",1,[1577]
579,"['Helsinki', 'Athens_merged']",1,[2294]
694,"['Lille', 'Oberhausen_merged']",1,[2543]
98,"['Barcelona', 'Bilbao']",1,[1595]
538,"['Hamburg', 'Stockholm']",1,[1158]
1150,"['Naples_merged', 'Munich_merged']",1,[1367]
103,"['Barcelona', 'Düsseldorf']",1,[1158]
250,"['Birmingham', 'Madrid']",1,[1158]
824,"['Madrid', 'Rotterdam']",1,[1809]
999,"['Sofia', 'Athens_merged']",1,[2544]
1201,"['Cologne_merged', 'Oberhausen_merged']",1,[2543]
1084,"['Valencia', 'Prague_merged']",1,[1809]
325,"['Budapest', 'Glasgow']",1,[964]
323,"['Budapest', 'Düsseldorf']",1,[1158]
23,"['Amsterdam', 'Newcastle']",1,[1599]
25,"['Amsterdam', 'Porto']",1,[964]
27,"['Amsterdam', 'Sofia']",1,[1786]
322,"['Budapest', 'Dublin']",1,[2601]
321,"['Brussels', 'Nuremberg_merged']",1,[2543]
30,"['Amsterdam', 'Thessaloniki']",1,[1311]
1057,"['Thessaloniki', 'Roma_merged']",1,[2911]
319,"['Brussels', 'Oberhausen_merged']",1,[2543]
394,"['Dublin', 'Warsaw_merged']",1,[1271]
395,"['Dublin', 'Vienna_merged']",1,[1271]
396,"['Dublin', 'Munich_merged']",1,[1859]
1055,"['Thessaloniki', 'Milan_merged']",1,[1311]
398,"['Dublin', 'Copenhagen_merged']",1,[1419]
318,"['Brussels', 'Sevilla_merged']",1,[2388]
316,"['Brussels', 'Torino_merged']",1,[2177]
401,"['Dublin', 'Sevilla_merged']",1,[1074]
1051,"['Stuttgart', 'Oberhausen_merged']",1,[2543]
1050,"['Stuttgart', 'Sevilla_merged']",1,[2663]
1049,"['Stuttgart', 'Prague_merged']",1,[1024]
1048,"['Stuttgart', 'Torino_merged']",1,[1158]
1047,"['Stuttgart', 'Copenhagen_merged']",1,[2252]
311,"['Brussels', 'Warsaw_merged']",1,[1271]
37,"['Amsterdam', 'Bucuresti_merged']",1,[2455]
168,"['Berlin', 'Sofia']",1,[1639]
379,"['Dublin', 'Newcastle']",1,[1109]
414,"['Düsseldorf', 'London']",1,[1158]
172,"['Berlin', 'Valencia']",1,[2749]
351,"['Budapest', 'Naples_merged']",1,[964]
352,"['Budapest', 'Bucuresti_merged']",1,[2575]
345,"['Budapest', 'Thessaloniki']",1,[1311]
342,"['Budapest', 'Sofia']",1,[2544]
341,"['Budapest', 'Rotterdam']",1,[1809]
796,"['Lyon', 'Rotterdam']",1,[1253]
340,"['Budapest', 'Porto']",1,[964]
358,"['Budapest', 'Torino_merged']",1,[1158]
795,"['Lyon', 'Porto']",1,[2663]
1223,"['Oberhausen_merged', 'Nuremberg_merged']",1,[2543]
646,"['Krakow', 'Valencia']",1,[1809]
1075,"['Valencia', 'Lisboa_merged']",1,[2395]
337,"['Budapest', 'Marseille']",1,[1486]
4,"['Amsterdam', 'Birmingham']",1,[1158]
336,"['Budapest', 'Manchester']",1,[1158]
334,"['Budapest', 'Lyon']",1,[1158]
791,"['Lyon', 'Manchester']",1,[1158]
8,"['Amsterdam', 'Düsseldorf']",1,[1158]
641,"['Krakow', 'Rotterdam']",1,[1809]
1067,"['Thessaloniki', 'Prague_merged']",1,[1311]
1080,"['Valencia', 'Munich_merged']",1,[2549]
787,"['London', 'Oberhausen_merged']",1,[2543]
786,"['London', 'Sevilla_merged']",1,[2433]
375,"['Dublin', 'Lyon']",1,[1859]
784,"['London', 'Torino_merged']",1,[1158]
910,"['Newcastle', 'Roma_merged']",1,[2471]
1044,"['Stuttgart', 'Vienna_merged']",1,[1158]
415,"['Düsseldorf', 'Lyon']",1,[1158]
879,"['Marseille', 'Stockholm']",1,[2715]
295,"['Brussels', 'Marseille']",1,[2833]
880,"['Marseille', 'Stuttgart']",1,[1486]
416,"['Düsseldorf', 'Madrid']",1,[1158]
163,"['Berlin', 'Marseille']",1,[2715]
160,"['Berlin', 'Lyon']",1,[1158]
1022,"['Stockholm', 'Naples_merged']",1,[964]
58,"['Antwerp', 'Glasgow']",1,[1377]
284,"['Brussels', 'Hamburg']",1,[2543]
1019,"['Stockholm', 'Athens_merged']",1,[1158]
877,"['Marseille', 'Rotterdam']",1,[1274]
439,"['Düsseldorf', 'Torino_merged']",1,[1158]
1015,"['Stockholm', 'Stuttgart']",1,[1158]
876,"['Marseille', 'Porto']",1,[1491]
63,"['Antwerp', 'Lille']",1,[2543]
814,"['Lyon', 'Prague_merged']",1,[2135]
1005,"['Sofia', 'Vienna_merged']",1,[1786]
1003,"['Sofia', 'Bucuresti_merged']",1,[2748]
1203,"['Cologne_merged', 'Nuremberg_merged']",1,[2543]
1000,"['Sofia', 'Roma_merged']",1,[2838]
68,"['Antwerp', 'Madrid']",1,[2638]
1029,"['Stockholm', 'Torino_merged']",1,[1158]
1095,"['Milan_merged', 'Vienna_merged']",1,[1158]
1038,"['Stuttgart', 'Athens_merged']",1,[1158]
428,"['Düsseldorf', 'Milan_merged']",1,[1158]
417,"['Düsseldorf', 'Manchester']",1,[1158]
635,"['Krakow', 'Madrid']",1,[1809]
771,"['London', 'Thessaloniki']",1,[2850]
420,"['Düsseldorf', 'Paris']",1,[1158]
1040,"['Stuttgart', 'Lisboa_merged']",1,[1158]
309,"['Brussels', 'Naples_merged']",1,[1410]
424,"['Düsseldorf', 'Stockholm']",1,[1158]
46,"['Amsterdam', 'Oberhausen_merged']",1,[2543]
893,"['Marseille', 'Copenhagen_merged']",1,[2715]
595,"['Katowice', 'Krakow']",1,[1773]
429,"['Düsseldorf', 'Athens_merged']",1,[1158]
1215,"['Prague_merged', 'Sevilla_merged']",1,[1298]
302,"['Brussels', 'Stuttgart']",1,[2543]
435,"['Düsseldorf', 'Vienna_merged']",1,[1158]
431,"['Düsseldorf', 'Lisboa_merged']",1,[1158]
48,"['Amsterdam', 'Nuremberg_merged']",1,[2543]
766,"['London', 'Porto']",1,[964]
430,"['Düsseldorf', 'Roma_merged']",1,[1158]
869,"['Manchester', 'Prague_merged']",0,[]
866,"['Manchester', 'Cologne_merged']",0,[]
881,"['Marseille', 'Thessaloniki']",0,[]
1174,"['Warsaw_merged', 'Torino_merged']",0,[]
871,"['Manchester', 'Oberhausen_merged']",0,[]
872,"['Manchester', 'Herne,_North_Rhine-Westphalia_merged']",0,[]
862,"['Manchester', 'Bucuresti_merged']",0,[]
1177,"['Warsaw_merged', 'Oberhausen_merged']",0,[]
873,"['Manchester', 'Nuremberg_merged']",0,[]
874,"['Marseille', 'Newcastle']",0,[]
1173,"['Warsaw_merged', 'Copenhagen_merged']",0,[]
1172,"['Warsaw_merged', 'Cologne_merged']",0,[]
882,"['Marseille', 'Valencia']",0,[]
1176,"['Warsaw_merged', 'Sevilla_merged']",0,[]
884,"['Marseille', 'Athens_merged']",0,[]
878,"['Marseille', 'Sofia']",0,[]
863,"['Manchester', 'Warsaw_merged']",0,[]
1194,"['Munich_merged', 'Oberhausen_merged']",0,[]
1178,"['Warsaw_merged', 'Herne,_North_Rhine-Westphalia_merged']",0,[]
1213,"['Torino_merged', 'Herne,_North_Rhine-Westphalia_merged']",0,[]
1207,"['Copenhagen_merged', 'Oberhausen_merged']",0,[]
1208,"['Copenhagen_merged', 'Herne,_North_Rhine-Westphalia_merged']",0,[]
808,"['Lyon', 'Warsaw_merged']",0,[]
807,"['Lyon', 'Bucuresti_merged']",0,[]
806,"['Lyon', 'Naples_merged']",0,[]
1209,"['Copenhagen_merged', 'Nuremberg_merged']",0,[]
1210,"['Torino_merged', 'Prague_merged']",0,[]
1211,"['Torino_merged', 'Sevilla_merged']",0,[]
1212,"['Torino_merged', 'Oberhausen_merged']",0,[]
1214,"['Torino_merged', 'Nuremberg_merged']",0,[]
812,"['Lyon', 'Copenhagen_merged']",0,[]
1216,"['Prague_merged', 'Oberhausen_merged']",0,[]
1217,"['Prague_merged', 'Herne,_North_Rhine-Westphalia_merged']",0,[]
1218,"['Prague_merged', 'Nuremberg_merged']",0,[]
1219,"['Sevilla_merged', 'Oberhausen_merged']",0,[]
1220,"['Sevilla_merged', 'Herne,_North_Rhine-Westphalia_merged']",0,[]
1221,"['Sevilla_merged', 'Nuremberg_merged']",0,[]
801,"['Lyon', 'Valencia']",0,[]
1222,"['Oberhausen_merged', 'Herne,_North_Rhine-Westphalia_merged']",0,[]
800,"['Lyon', 'Thessaloniki']",0,[]
811,"['Lyon', 'Cologne_merged']",0,[]
1206,"['Copenhagen_merged', 'Sevilla_merged']",0,[]
855,"['Manchester', 'Thessaloniki']",0,[]
1188,"['Vienna_merged', 'Nuremberg_merged']",0,[]
852,"['Manchester', 'Sofia']",0,[]
851,"['Manchester', 'Rotterdam']",0,[]
1185,"['Vienna_merged', 'Sevilla_merged']",0,[]
847,"['Manchester', 'Marseille']",0,[]
846,"['Madrid', 'Nuremberg_merged']",0,[]
845,"['Madrid', 'Herne,_North_Rhine-Westphalia_merged']",0,[]
844,"['Madrid', 'Oberhausen_merged']",0,[]
1186,"['Vienna_merged', 'Oberhausen_merged']",0,[]
1187,"['Vienna_merged', 'Herne,_North_Rhine-Westphalia_merged']",0,[]
886,"['Marseille', 'Lisboa_merged']",0,[]
1204,"['Copenhagen_merged', 'Torino_merged']",0,[]
1195,"['Munich_merged', 'Herne,_North_Rhine-Westphalia_merged']",0,[]
828,"['Madrid', 'Thessaloniki']",0,[]
1197,"['Cologne_merged', 'Copenhagen_merged']",0,[]
1198,"['Cologne_merged', 'Torino_merged']",0,[]
1200,"['Cologne_merged', 'Sevilla_merged']",0,[]
1202,"['Cologne_merged', 'Herne,_North_Rhine-Westphalia_merged']",0,[]
818,"['Lyon', 'Nuremberg_merged']",0,[]
817,"['Lyon', 'Herne,_North_Rhine-Westphalia_merged']",0,[]
816,"['Lyon', 'Oberhausen_merged']",0,[]
885,"['Marseille', 'Roma_merged']",0,[]
1145,"['Lisboa_merged', 'Herne,_North_Rhine-Westphalia_merged']",0,[]
887,"['Marseille', 'Naples_merged']",0,[]
1010,"['Sofia', 'Prague_merged']",0,[]
1001,"['Sofia', 'Lisboa_merged']",0,[]
1002,"['Sofia', 'Naples_merged']",0,[]
1004,"['Sofia', 'Warsaw_merged']",0,[]
1006,"['Sofia', 'Munich_merged']",0,[]
1007,"['Sofia', 'Cologne_merged']",0,[]
1008,"['Sofia', 'Copenhagen_merged']",0,[]
1009,"['Sofia', 'Torino_merged']",0,[]
1011,"['Sofia', 'Sevilla_merged']",0,[]
972,"['Rotterdam', 'Sofia']",0,[]
1012,"['Sofia', 'Oberhausen_merged']",0,[]
1013,"['Sofia', 'Herne,_North_Rhine-Westphalia_merged']",0,[]
1014,"['Sofia', 'Nuremberg_merged']",0,[]
1016,"['Stockholm', 'Thessaloniki']",0,[]
1017,"['Stockholm', 'Valencia']",0,[]
1102,"['Milan_merged', 'Oberhausen_merged']",0,[]
1098,"['Milan_merged', 'Copenhagen_merged']",0,[]
998,"['Sofia', 'Milan_merged']",0,[]
997,"['Sofia', 'Valencia']",0,[]
996,"['Sofia', 'Thessaloniki']",0,[]
995,"['Sofia', 'Stuttgart']",0,[]
1112,"['Athens_merged', 'Cologne_merged']",0,[]
977,"['Rotterdam', 'Milan_merged']",0,[]
978,"['Rotterdam', 'Athens_merged']",0,[]
980,"['Rotterdam', 'Lisboa_merged']",0,[]
1109,"['Athens_merged', 'Warsaw_merged']",0,[]
981,"['Rotterdam', 'Naples_merged']",0,[]
982,"['Rotterdam', 'Bucuresti_merged']",0,[]
984,"['Rotterdam', 'Vienna_merged']",0,[]
985,"['Rotterdam', 'Munich_merged']",0,[]
987,"['Rotterdam', 'Copenhagen_merged']",0,[]
988,"['Rotterdam', 'Torino_merged']",0,[]
1103,"['Milan_merged', 'Herne,_North_Rhine-Westphalia_merged']",0,[]
990,"['Rotterdam', 'Sevilla_merged']",0,[]
992,"['Rotterdam', 'Herne,_North_Rhine-Westphalia_merged']",0,[]
994,"['Sofia', 'Stockholm']",0,[]
1023,"['Stockholm', 'Bucuresti_merged']",0,[]
1097,"['Milan_merged', 'Cologne_merged']",0,[]
1094,"['Milan_merged', 'Warsaw_merged']",0,[]
1061,"['Thessaloniki', 'Warsaw_merged']",0,[]
1064,"['Thessaloniki', 'Cologne_merged']",0,[]
1065,"['Thessaloniki', 'Copenhagen_merged']",0,[]
1083,"['Valencia', 'Torino_merged']",0,[]
1082,"['Valencia', 'Copenhagen_merged']",0,[]
1081,"['Valencia', 'Cologne_merged']",0,[]
1066,"['Thessaloniki', 'Torino_merged']",0,[]
1068,"['Thessaloniki', 'Sevilla_merged']",0,[]
1069,"['Thessaloniki', 'Oberhausen_merged']",0,[]
1070,"['Thessaloniki', 'Herne,_North_Rhine-Westphalia_merged']",0,[]
1071,"['Thessaloniki', 'Nuremberg_merged']",0,[]
1073,"['Valencia', 'Athens_merged']",0,[]
1076,"['Valencia', 'Naples_merged']",0,[]
1077,"['Valencia', 'Bucuresti_merged']",0,[]
1079,"['Valencia', 'Vienna_merged']",0,[]
1078,"['Valencia', 'Warsaw_merged']",0,[]
1062,"['Thessaloniki', 'Vienna_merged']",0,[]
1060,"['Thessaloniki', 'Bucuresti_merged']",0,[]
1027,"['Stockholm', 'Cologne_merged']",0,[]
1059,"['Thessaloniki', 'Naples_merged']",0,[]
1093,"['Milan_merged', 'Bucuresti_merged']",0,[]
1031,"['Stockholm', 'Sevilla_merged']",0,[]
1032,"['Stockholm', 'Oberhausen_merged']",0,[]
1033,"['Stockholm', 'Herne,_North_Rhine-Westphalia_merged']",0,[]
1034,"['Stockholm', 'Nuremberg_merged']",0,[]
1035,"['Stuttgart', 'Thessaloniki']",0,[]
1036,"['Stuttgart', 'Valencia']",0,[]
1088,"['Valencia', 'Nuremberg_merged']",0,[]
1041,"['Stuttgart', 'Naples_merged']",0,[]
1042,"['Stuttgart', 'Bucuresti_merged']",0,[]
1043,"['Stuttgart', 'Warsaw_merged']",0,[]
1087,"['Valencia', 'Herne,_North_Rhine-Westphalia_merged']",0,[]
1052,"['Stuttgart', 'Herne,_North_Rhine-Westphalia_merged']",0,[]
1086,"['Valencia', 'Oberhausen_merged']",0,[]
1058,"['Thessaloniki', 'Lisboa_merged']",0,[]
975,"['Rotterdam', 'Thessaloniki']",0,[]
971,"['Porto', 'Nuremberg_merged']",0,[]
888,"['Marseille', 'Bucuresti_merged']",0,[]
916,"['Newcastle', 'Munich_merged']",0,[]
909,"['Newcastle', 'Athens_merged']",0,[]
911,"['Newcastle', 'Lisboa_merged']",0,[]
912,"['Newcastle', 'Naples_merged']",0,[]
1168,"['Bucuresti_merged', 'Herne,_North_Rhine-Westphalia_merged']",0,[]
913,"['Newcastle', 'Bucuresti_merged']",0,[]
914,"['Newcastle', 'Warsaw_merged']",0,[]
915,"['Newcastle', 'Vienna_merged']",0,[]
917,"['Newcastle', 'Cologne_merged']",0,[]
970,"['Porto', 'Herne,_North_Rhine-Westphalia_merged']",0,[]
918,"['Newcastle', 'Copenhagen_merged']",0,[]
919,"['Newcastle', 'Torino_merged']",0,[]
921,"['Newcastle', 'Sevilla_merged']",0,[]
922,"['Newcastle', 'Oberhausen_merged']",0,[]
923,"['Newcastle', 'Herne,_North_Rhine-Westphalia_merged']",0,[]
924,"['Newcastle', 'Nuremberg_merged']",0,[]
1167,"['Bucuresti_merged', 'Oberhausen_merged']",0,[]
908,"['Newcastle', 'Milan_merged']",0,[]
907,"['Newcastle', 'Valencia']",0,[]
906,"['Newcastle', 'Thessaloniki']",0,[]
905,"['Newcastle', 'Stuttgart']",0,[]
889,"['Marseille', 'Warsaw_merged']",0,[]
890,"['Marseille', 'Vienna_merged']",0,[]
892,"['Marseille', 'Cologne_merged']",0,[]
1169,"['Bucuresti_merged', 'Nuremberg_merged']",0,[]
894,"['Marseille', 'Torino_merged']",0,[]
895,"['Marseille', 'Prague_merged']",0,[]
896,"['Marseille', 'Sevilla_merged']",0,[]
897,"['Marseille', 'Oberhausen_merged']",0,[]
898,"['Marseille', 'Herne,_North_Rhine-Westphalia_merged']",0,[]
899,"['Marseille', 'Nuremberg_merged']",0,[]
900,"['Newcastle', 'Paris']",0,[]
901,"['Newcastle', 'Porto']",0,[]
902,"['Newcastle', 'Rotterdam']",0,[]
903,"['Newcastle', 'Sofia']",0,[]
904,"['Newcastle', 'Stockholm']",0,[]
1166,"['Bucuresti_merged', 'Sevilla_merged']",0,[]
1164,"['Bucuresti_merged', 'Torino_merged']",0,[]
1163,"['Bucuresti_merged', 'Copenhagen_merged']",0,[]
954,"['Porto', 'Valencia']",0,[]
1139,"['Lisboa_merged', 'Cologne_merged']",0,[]
1135,"['Lisboa_merged', 'Bucuresti_merged']",0,[]
1132,"['Roma_merged', 'Herne,_North_Rhine-Westphalia_merged']",0,[]
1131,"['Roma_merged', 'Oberhausen_merged']",0,[]
1126,"['Roma_merged', 'Cologne_merged']",0,[]
1119,"['Athens_merged', 'Nuremberg_merged']",0,[]
960,"['Porto', 'Bucuresti_merged']",0,[]
1118,"['Athens_merged', 'Herne,_North_Rhine-Westphalia_merged']",0,[]
961,"['Porto', 'Warsaw_merged']",0,[]
1117,"['Athens_merged', 'Oberhausen_merged']",0,[]
1116,"['Athens_merged', 'Sevilla_merged']",0,[]
1115,"['Athens_merged', 'Prague_merged']",0,[]
964,"['Porto', 'Cologne_merged']",0,[]
966,"['Porto', 'Torino_merged']",0,[]
969,"['Porto', 'Oberhausen_merged']",0,[]
956,"['Porto', 'Athens_merged']",0,[]
953,"['Porto', 'Thessaloniki']",0,[]
930,"['Paris', 'Thessaloniki']",0,[]
950,"['Porto', 'Sofia']",0,[]
1162,"['Bucuresti_merged', 'Cologne_merged']",0,[]
1161,"['Bucuresti_merged', 'Munich_merged']",0,[]
1159,"['Bucuresti_merged', 'Warsaw_merged']",0,[]
1158,"['Naples_merged', 'Nuremberg_merged']",0,[]
1157,"['Naples_merged', 'Herne,_North_Rhine-Westphalia_merged']",0,[]
1156,"['Naples_merged', 'Oberhausen_merged']",0,[]
937,"['Paris', 'Bucuresti_merged']",0,[]
1155,"['Naples_merged', 'Sevilla_merged']",0,[]
1151,"['Naples_merged', 'Cologne_merged']",0,[]
1148,"['Naples_merged', 'Warsaw_merged']",0,[]
1147,"['Naples_merged', 'Bucuresti_merged']",0,[]
1146,"['Lisboa_merged', 'Nuremberg_merged']",0,[]
947,"['Paris', 'Herne,_North_Rhine-Westphalia_merged']",0,[]
1144,"['Lisboa_merged', 'Oberhausen_merged']",0,[]
949,"['Porto', 'Rotterdam']",0,[]
1054,"['Thessaloniki', 'Valencia']",0,[]
612,"['Katowice', 'Valencia']",0,[]
797,"['Lyon', 'Sofia']",0,[]
300,"['Brussels', 'Sofia']",0,[]
304,"['Brussels', 'Valencia']",0,[]
306,"['Brussels', 'Athens_merged']",0,[]
310,"['Brussels', 'Bucuresti_merged']",0,[]
320,"['Brussels', 'Herne,_North_Rhine-Westphalia_merged']",0,[]
324,"['Budapest', 'Frankfurt am Main']",0,[]
327,"['Budapest', 'Helsinki']",0,[]
328,"['Budapest', 'Katowice']",0,[]
330,"['Budapest', 'Lille']",0,[]
331,"['Budapest', 'Liverpool']",0,[]
332,"['Budapest', 'Lodz']",0,[]
338,"['Budapest', 'Newcastle']",0,[]
356,"['Budapest', 'Cologne_merged']",0,[]
360,"['Budapest', 'Sevilla_merged']",0,[]
361,"['Budapest', 'Oberhausen_merged']",0,[]
362,"['Budapest', 'Herne,_North_Rhine-Westphalia_merged']",0,[]
363,"['Budapest', 'Nuremberg_merged']",0,[]
364,"['Dublin', 'Düsseldorf']",0,[]
365,"['Dublin', 'Frankfurt am Main']",0,[]
367,"['Dublin', 'Hamburg']",0,[]
368,"['Dublin', 'Helsinki']",0,[]
369,"['Dublin', 'Katowice']",0,[]
370,"['Dublin', 'Krakow']",0,[]
371,"['Dublin', 'Lille']",0,[]
303,"['Brussels', 'Thessaloniki']",0,[]
298,"['Brussels', 'Porto']",0,[]
252,"['Birmingham', 'Marseille']",0,[]
296,"['Brussels', 'Newcastle']",0,[]
256,"['Birmingham', 'Rotterdam']",0,[]
257,"['Birmingham', 'Sofia']",0,[]
260,"['Birmingham', 'Thessaloniki']",0,[]
266,"['Birmingham', 'Naples_merged']",0,[]
267,"['Birmingham', 'Bucuresti_merged']",0,[]
270,"['Birmingham', 'Munich_merged']",0,[]
271,"['Birmingham', 'Cologne_merged']",0,[]
272,"['Birmingham', 'Copenhagen_merged']",0,[]
275,"['Birmingham', 'Sevilla_merged']",0,[]
276,"['Birmingham', 'Oberhausen_merged']",0,[]
277,"['Birmingham', 'Herne,_North_Rhine-Westphalia_merged']",0,[]
278,"['Birmingham', 'Nuremberg_merged']",0,[]
279,"['Brussels', 'Budapest']",0,[]
281,"['Brussels', 'Düsseldorf']",0,[]
282,"['Brussels', 'Frankfurt am Main']",0,[]
283,"['Brussels', 'Glasgow']",0,[]
285,"['Brussels', 'Helsinki']",0,[]
286,"['Brussels', 'Katowice']",0,[]
287,"['Brussels', 'Krakow']",0,[]
289,"['Brussels', 'Liverpool']",0,[]
290,"['Brussels', 'Lodz']",0,[]
292,"['Brussels', 'Lyon']",0,[]
294,"['Brussels', 'Manchester']",0,[]
373,"['Dublin', 'Lodz']",0,[]
378,"['Dublin', 'Marseille']",0,[]
381,"['Dublin', 'Porto']",0,[]
382,"['Dublin', 'Rotterdam']",0,[]
427,"['Düsseldorf', 'Valencia']",0,[]
432,"['Düsseldorf', 'Naples_merged']",0,[]
433,"['Düsseldorf', 'Bucuresti_merged']",0,[]
434,"['Düsseldorf', 'Warsaw_merged']",0,[]
438,"['Düsseldorf', 'Copenhagen_merged']",0,[]
440,"['Düsseldorf', 'Prague_merged']",0,[]
441,"['Düsseldorf', 'Sevilla_merged']",0,[]
442,"['Düsseldorf', 'Oberhausen_merged']",0,[]
443,"['Düsseldorf', 'Herne,_North_Rhine-Westphalia_merged']",0,[]
444,"['Düsseldorf', 'Nuremberg_merged']",0,[]
445,"['Frankfurt am Main', 'Glasgow']",0,[]
446,"['Frankfurt am Main', 'Hamburg']",0,[]
447,"['Frankfurt am Main', 'Helsinki']",0,[]
448,"['Frankfurt am Main', 'Katowice']",0,[]
449,"['Frankfurt am Main', 'Krakow']",0,[]
450,"['Frankfurt am Main', 'Lille']",0,[]
451,"['Frankfurt am Main', 'Liverpool']",0,[]
452,"['Frankfurt am Main', 'Lodz']",0,[]
453,"['Frankfurt am Main', 'London']",0,[]
454,"['Frankfurt am Main', 'Lyon']",0,[]
455,"['Frankfurt am Main', 'Madrid']",0,[]
456,"['Frankfurt am Main', 'Manchester']",0,[]
457,"['Frankfurt am Main', 'Marseille']",0,[]
426,"['Düsseldorf', 'Thessaloniki']",0,[]
423,"['Düsseldorf', 'Sofia']",0,[]
422,"['Düsseldorf', 'Rotterdam']",0,[]
403,"['Dublin', 'Herne,_North_Rhine-Westphalia_merged']",0,[]
383,"['Dublin', 'Sofia']",0,[]
385,"['Dublin', 'Stuttgart']",0,[]
386,"['Dublin', 'Thessaloniki']",0,[]
387,"['Dublin', 'Valencia']",0,[]
388,"['Dublin', 'Milan_merged']",0,[]
392,"['Dublin', 'Naples_merged']",0,[]
393,"['Dublin', 'Bucuresti_merged']",0,[]
397,"['Dublin', 'Cologne_merged']",0,[]
399,"['Dublin', 'Torino_merged']",0,[]
402,"['Dublin', 'Oberhausen_merged']",0,[]
404,"['Dublin', 'Nuremberg_merged']",0,[]
421,"['Düsseldorf', 'Porto']",0,[]
405,"['Düsseldorf', 'Frankfurt am Main']",0,[]
406,"['Düsseldorf', 'Glasgow']",0,[]
408,"['Düsseldorf', 'Helsinki']",0,[]
409,"['Düsseldorf', 'Katowice']",0,[]
410,"['Düsseldorf', 'Krakow']",0,[]
411,"['Düsseldorf', 'Lille']",0,[]
412,"['Düsseldorf', 'Liverpool']",0,[]
413,"['Düsseldorf', 'Lodz']",0,[]
418,"['Düsseldorf', 'Marseille']",0,[]
419,"['Düsseldorf', 'Newcastle']",0,[]
255,"['Birmingham', 'Porto']",0,[]
247,"['Birmingham', 'Lodz']",0,[]
793,"['Lyon', 'Newcastle']",0,[]
75,"['Antwerp', 'Sofia']",0,[]
78,"['Antwerp', 'Thessaloniki']",0,[]
79,"['Antwerp', 'Valencia']",0,[]
83,"['Antwerp', 'Lisboa_merged']",0,[]
84,"['Antwerp', 'Naples_merged']",0,[]
85,"['Antwerp', 'Bucuresti_merged']",0,[]
86,"['Antwerp', 'Warsaw_merged']",0,[]
88,"['Antwerp', 'Munich_merged']",0,[]
91,"['Antwerp', 'Torino_merged']",0,[]
92,"['Antwerp', 'Prague_merged']",0,[]
93,"['Antwerp', 'Sevilla_merged']",0,[]
95,"['Antwerp', 'Herne,_North_Rhine-Westphalia_merged']",0,[]
104,"['Barcelona', 'Frankfurt am Main']",0,[]
108,"['Barcelona', 'Katowice']",0,[]
110,"['Barcelona', 'Lille']",0,[]
112,"['Barcelona', 'Lodz']",0,[]
125,"['Barcelona', 'Thessaloniki']",0,[]
136,"['Barcelona', 'Cologne_merged']",0,[]
141,"['Barcelona', 'Oberhausen_merged']",0,[]
142,"['Barcelona', 'Herne,_North_Rhine-Westphalia_merged']",0,[]
143,"['Barcelona', 'Nuremberg_merged']",0,[]
144,"['Berlin', 'Bilbao']",0,[]
150,"['Berlin', 'Frankfurt am Main']",0,[]
154,"['Berlin', 'Katowice']",0,[]
76,"['Antwerp', 'Stockholm']",0,[]
73,"['Antwerp', 'Porto']",0,[]
245,"['Birmingham', 'Lille']",0,[]
71,"['Antwerp', 'Newcastle']",0,[]
3,"['Amsterdam', 'Bilbao']",0,[]
9,"['Amsterdam', 'Frankfurt am Main']",0,[]
12,"['Amsterdam', 'Helsinki']",0,[]
13,"['Amsterdam', 'Katowice']",0,[]
17,"['Amsterdam', 'Lodz']",0,[]
38,"['Amsterdam', 'Warsaw_merged']",0,[]
45,"['Amsterdam', 'Sevilla_merged']",0,[]
47,"['Amsterdam', 'Herne,_North_Rhine-Westphalia_merged']",0,[]
49,"['Antwerp', 'Barcelona']",0,[]
51,"['Antwerp', 'Bilbao']",0,[]
52,"['Antwerp', 'Birmingham']",0,[]
54,"['Antwerp', 'Budapest']",0,[]
55,"['Antwerp', 'Dublin']",0,[]
56,"['Antwerp', 'Düsseldorf']",0,[]
57,"['Antwerp', 'Frankfurt am Main']",0,[]
60,"['Antwerp', 'Helsinki']",0,[]
61,"['Antwerp', 'Katowice']",0,[]
62,"['Antwerp', 'Krakow']",0,[]
64,"['Antwerp', 'Liverpool']",0,[]
65,"['Antwerp', 'Lodz']",0,[]
67,"['Antwerp', 'Lyon']",0,[]
69,"['Antwerp', 'Manchester']",0,[]
70,"['Antwerp', 'Marseille']",0,[]
156,"['Berlin', 'Lille']",0,[]
158,"['Berlin', 'Lodz']",0,[]
164,"['Berlin', 'Newcastle']",0,[]
171,"['Berlin', 'Thessaloniki']",0,[]
216,"['Bilbao', 'Thessaloniki']",0,[]
217,"['Bilbao', 'Valencia']",0,[]
218,"['Bilbao', 'Milan_merged']",0,[]
219,"['Bilbao', 'Athens_merged']",0,[]
220,"['Bilbao', 'Roma_merged']",0,[]
221,"['Bilbao', 'Lisboa_merged']",0,[]
222,"['Bilbao', 'Naples_merged']",0,[]
223,"['Bilbao', 'Bucuresti_merged']",0,[]
224,"['Bilbao', 'Warsaw_merged']",0,[]
226,"['Bilbao', 'Munich_merged']",0,[]
227,"['Bilbao', 'Cologne_merged']",0,[]
228,"['Bilbao', 'Copenhagen_merged']",0,[]
229,"['Bilbao', 'Torino_merged']",0,[]
230,"['Bilbao', 'Prague_merged']",0,[]
231,"['Bilbao', 'Sevilla_merged']",0,[]
232,"['Bilbao', 'Oberhausen_merged']",0,[]
233,"['Bilbao', 'Herne,_North_Rhine-Westphalia_merged']",0,[]
234,"['Bilbao', 'Nuremberg_merged']",0,[]
235,"['Birmingham', 'Brussels']",0,[]
239,"['Birmingham', 'Frankfurt am Main']",0,[]
242,"['Birmingham', 'Helsinki']",0,[]
243,"['Birmingham', 'Katowice']",0,[]
244,"['Birmingham', 'Krakow']",0,[]
215,"['Bilbao', 'Stuttgart']",0,[]
213,"['Bilbao', 'Sofia']",0,[]
212,"['Bilbao', 'Rotterdam']",0,[]
198,"['Bilbao', 'Helsinki']",0,[]
187,"['Berlin', 'Oberhausen_merged']",0,[]
188,"['Berlin', 'Herne,_North_Rhine-Westphalia_merged']",0,[]
190,"['Bilbao', 'Birmingham']",0,[]
191,"['Bilbao', 'Brussels']",0,[]
192,"['Bilbao', 'Budapest']",0,[]
193,"['Bilbao', 'Dublin']",0,[]
194,"['Bilbao', 'Düsseldorf']",0,[]
195,"['Bilbao', 'Frankfurt am Main']",0,[]
196,"['Bilbao', 'Glasgow']",0,[]
197,"['Bilbao', 'Hamburg']",0,[]
199,"['Bilbao', 'Katowice']",0,[]
211,"['Bilbao', 'Porto']",0,[]
200,"['Bilbao', 'Krakow']",0,[]
201,"['Bilbao', 'Lille']",0,[]
202,"['Bilbao', 'Liverpool']",0,[]
203,"['Bilbao', 'Lodz']",0,[]
204,"['Bilbao', 'London']",0,[]
205,"['Bilbao', 'Lyon']",0,[]
207,"['Bilbao', 'Manchester']",0,[]
208,"['Bilbao', 'Marseille']",0,[]
209,"['Bilbao', 'Newcastle']",0,[]
210,"['Bilbao', 'Paris']",0,[]
458,"['Frankfurt am Main', 'Newcastle']",0,[]
459,"['Frankfurt am Main', 'Paris']",0,[]
460,"['Frankfurt am Main', 'Porto']",0,[]
656,"['Krakow', 'Cologne_merged']",0,[]
658,"['Krakow', 'Torino_merged']",0,[]
660,"['Krakow', 'Sevilla_merged']",0,[]
661,"['Krakow', 'Oberhausen_merged']",0,[]
662,"['Krakow', 'Herne,_North_Rhine-Westphalia_merged']",0,[]
663,"['Krakow', 'Nuremberg_merged']",0,[]
664,"['Lille', 'Liverpool']",0,[]
665,"['Lille', 'Lodz']",0,[]
668,"['Lille', 'Madrid']",0,[]
671,"['Lille', 'Newcastle']",0,[]
673,"['Lille', 'Porto']",0,[]
675,"['Lille', 'Sofia']",0,[]
676,"['Lille', 'Stockholm']",0,[]
678,"['Lille', 'Thessaloniki']",0,[]
679,"['Lille', 'Valencia']",0,[]
680,"['Lille', 'Milan_merged']",0,[]
681,"['Lille', 'Athens_merged']",0,[]
682,"['Lille', 'Roma_merged']",0,[]
683,"['Lille', 'Lisboa_merged']",0,[]
684,"['Lille', 'Naples_merged']",0,[]
685,"['Lille', 'Bucuresti_merged']",0,[]
686,"['Lille', 'Warsaw_merged']",0,[]
687,"['Lille', 'Vienna_merged']",0,[]
688,"['Lille', 'Munich_merged']",0,[]
657,"['Krakow', 'Copenhagen_merged']",0,[]
655,"['Krakow', 'Munich_merged']",0,[]
461,"['Frankfurt am Main', 'Rotterdam']",0,[]
652,"['Krakow', 'Bucuresti_merged']",0,[]
622,"['Katowice', 'Cologne_merged']",0,[]
623,"['Katowice', 'Copenhagen_merged']",0,[]
624,"['Katowice', 'Torino_merged']",0,[]
625,"['Katowice', 'Prague_merged']",0,[]
626,"['Katowice', 'Sevilla_merged']",0,[]
627,"['Katowice', 'Oberhausen_merged']",0,[]
628,"['Katowice', 'Herne,_North_Rhine-Westphalia_merged']",0,[]
629,"['Katowice', 'Nuremberg_merged']",0,[]
630,"['Krakow', 'Lille']",0,[]
631,"['Krakow', 'Liverpool']",0,[]
634,"['Krakow', 'Lyon']",0,[]
636,"['Krakow', 'Manchester']",0,[]
637,"['Krakow', 'Marseille']",0,[]
638,"['Krakow', 'Newcastle']",0,[]
640,"['Krakow', 'Porto']",0,[]
642,"['Krakow', 'Sofia']",0,[]
643,"['Krakow', 'Stockholm']",0,[]
644,"['Krakow', 'Stuttgart']",0,[]
645,"['Krakow', 'Thessaloniki']",0,[]
647,"['Krakow', 'Milan_merged']",0,[]
648,"['Krakow', 'Athens_merged']",0,[]
650,"['Krakow', 'Lisboa_merged']",0,[]
651,"['Krakow', 'Naples_merged']",0,[]
690,"['Lille', 'Copenhagen_merged']",0,[]
691,"['Lille', 'Torino_merged']",0,[]
692,"['Lille', 'Prague_merged']",0,[]
693,"['Lille', 'Sevilla_merged']",0,[]
739,"['Lodz', 'Stockholm']",0,[]
740,"['Lodz', 'Stuttgart']",0,[]
741,"['Lodz', 'Thessaloniki']",0,[]
742,"['Lodz', 'Valencia']",0,[]
743,"['Lodz', 'Milan_merged']",0,[]
744,"['Lodz', 'Athens_merged']",0,[]
745,"['Lodz', 'Roma_merged']",0,[]
746,"['Lodz', 'Lisboa_merged']",0,[]
747,"['Lodz', 'Naples_merged']",0,[]
748,"['Lodz', 'Bucuresti_merged']",0,[]
750,"['Lodz', 'Vienna_merged']",0,[]
751,"['Lodz', 'Munich_merged']",0,[]
752,"['Lodz', 'Cologne_merged']",0,[]
753,"['Lodz', 'Copenhagen_merged']",0,[]
754,"['Lodz', 'Torino_merged']",0,[]
755,"['Lodz', 'Prague_merged']",0,[]
756,"['Lodz', 'Sevilla_merged']",0,[]
757,"['Lodz', 'Oberhausen_merged']",0,[]
758,"['Lodz', 'Herne,_North_Rhine-Westphalia_merged']",0,[]
759,"['Lodz', 'Nuremberg_merged']",0,[]
763,"['London', 'Marseille']",0,[]
772,"['London', 'Valencia']",0,[]
788,"['London', 'Herne,_North_Rhine-Westphalia_merged']",0,[]
738,"['Lodz', 'Sofia']",0,[]
737,"['Lodz', 'Rotterdam']",0,[]
736,"['Lodz', 'Porto']",0,[]
722,"['Liverpool', 'Copenhagen_merged']",0,[]
695,"['Lille', 'Herne,_North_Rhine-Westphalia_merged']",0,[]
697,"['Liverpool', 'Lodz']",0,[]
706,"['Liverpool', 'Rotterdam']",0,[]
707,"['Liverpool', 'Sofia']",0,[]
708,"['Liverpool', 'Stockholm']",0,[]
710,"['Liverpool', 'Thessaloniki']",0,[]
717,"['Liverpool', 'Bucuresti_merged']",0,[]
718,"['Liverpool', 'Warsaw_merged']",0,[]
719,"['Liverpool', 'Vienna_merged']",0,[]
721,"['Liverpool', 'Cologne_merged']",0,[]
724,"['Liverpool', 'Prague_merged']",0,[]
735,"['Lodz', 'Paris']",0,[]
725,"['Liverpool', 'Sevilla_merged']",0,[]
726,"['Liverpool', 'Oberhausen_merged']",0,[]
727,"['Liverpool', 'Herne,_North_Rhine-Westphalia_merged']",0,[]
728,"['Liverpool', 'Nuremberg_merged']",0,[]
729,"['Lodz', 'London']",0,[]
730,"['Lodz', 'Lyon']",0,[]
731,"['Lodz', 'Madrid']",0,[]
732,"['Lodz', 'Manchester']",0,[]
733,"['Lodz', 'Marseille']",0,[]
734,"['Lodz', 'Newcastle']",0,[]
621,"['Katowice', 'Munich_merged']",0,[]
620,"['Katowice', 'Vienna_merged']",0,[]
619,"['Katowice', 'Warsaw_merged']",0,[]
541,"['Hamburg', 'Valencia']",0,[]
490,"['Glasgow', 'Lodz']",0,[]
492,"['Glasgow', 'Lyon']",0,[]
495,"['Glasgow', 'Marseille']",0,[]
499,"['Glasgow', 'Rotterdam']",0,[]
500,"['Glasgow', 'Sofia']",0,[]
502,"['Glasgow', 'Stuttgart']",0,[]
503,"['Glasgow', 'Thessaloniki']",0,[]
504,"['Glasgow', 'Valencia']",0,[]
510,"['Glasgow', 'Bucuresti_merged']",0,[]
511,"['Glasgow', 'Warsaw_merged']",0,[]
513,"['Glasgow', 'Munich_merged']",0,[]
514,"['Glasgow', 'Cologne_merged']",0,[]
516,"['Glasgow', 'Torino_merged']",0,[]
518,"['Glasgow', 'Sevilla_merged']",0,[]
519,"['Glasgow', 'Oberhausen_merged']",0,[]
520,"['Glasgow', 'Herne,_North_Rhine-Westphalia_merged']",0,[]
521,"['Glasgow', 'Nuremberg_merged']",0,[]
522,"['Hamburg', 'Helsinki']",0,[]
523,"['Hamburg', 'Katowice']",0,[]
524,"['Hamburg', 'Krakow']",0,[]
527,"['Hamburg', 'Lodz']",0,[]
533,"['Hamburg', 'Newcastle']",0,[]
537,"['Hamburg', 'Sofia']",0,[]
488,"['Glasgow', 'Lille']",0,[]
486,"['Glasgow', 'Katowice']",0,[]
485,"['Glasgow', 'Helsinki']",0,[]
472,"['Frankfurt am Main', 'Bucuresti_merged']",0,[]
462,"['Frankfurt am Main', 'Sofia']",0,[]
463,"['Frankfurt am Main', 'Stockholm']",0,[]
464,"['Frankfurt am Main', 'Stuttgart']",0,[]
465,"['Frankfurt am Main', 'Thessaloniki']",0,[]
466,"['Frankfurt am Main', 'Valencia']",0,[]
467,"['Frankfurt am Main', 'Milan_merged']",0,[]
468,"['Frankfurt am Main', 'Athens_merged']",0,[]
469,"['Frankfurt am Main', 'Roma_merged']",0,[]
470,"['Frankfurt am Main', 'Lisboa_merged']",0,[]
471,"['Frankfurt am Main', 'Naples_merged']",0,[]
473,"['Frankfurt am Main', 'Warsaw_merged']",0,[]
484,"['Glasgow', 'Hamburg']",0,[]
474,"['Frankfurt am Main', 'Vienna_merged']",0,[]
475,"['Frankfurt am Main', 'Munich_merged']",0,[]
476,"['Frankfurt am Main', 'Cologne_merged']",0,[]
477,"['Frankfurt am Main', 'Copenhagen_merged']",0,[]
478,"['Frankfurt am Main', 'Torino_merged']",0,[]
479,"['Frankfurt am Main', 'Prague_merged']",0,[]
480,"['Frankfurt am Main', 'Sevilla_merged']",0,[]
481,"['Frankfurt am Main', 'Oberhausen_merged']",0,[]
482,"['Frankfurt am Main', 'Herne,_North_Rhine-Westphalia_merged']",0,[]
483,"['Frankfurt am Main', 'Nuremberg_merged']",0,[]
540,"['Hamburg', 'Thessaloniki']",0,[]
555,"['Hamburg', 'Sevilla_merged']",0,[]
618,"['Katowice', 'Bucuresti_merged']",0,[]
557,"['Hamburg', 'Herne,_North_Rhine-Westphalia_merged']",0,[]
593,"['Helsinki', 'Herne,_North_Rhine-Westphalia_merged']",0,[]
594,"['Helsinki', 'Nuremberg_merged']",0,[]
596,"['Katowice', 'Lille']",0,[]
597,"['Katowice', 'Liverpool']",0,[]
598,"['Katowice', 'Lodz']",0,[]
599,"['Katowice', 'London']",0,[]
600,"['Katowice', 'Lyon']",0,[]
601,"['Katowice', 'Madrid']",0,[]
602,"['Katowice', 'Manchester']",0,[]
603,"['Katowice', 'Marseille']",0,[]
604,"['Katowice', 'Newcastle']",0,[]
605,"['Katowice', 'Paris']",0,[]
606,"['Katowice', 'Porto']",0,[]
607,"['Katowice', 'Rotterdam']",0,[]
608,"['Katowice', 'Sofia']",0,[]
609,"['Katowice', 'Stockholm']",0,[]
610,"['Katowice', 'Stuttgart']",0,[]
611,"['Katowice', 'Thessaloniki']",0,[]
613,"['Katowice', 'Milan_merged']",0,[]
614,"['Katowice', 'Athens_merged']",0,[]
615,"['Katowice', 'Roma_merged']",0,[]
616,"['Katowice', 'Lisboa_merged']",0,[]
617,"['Katowice', 'Naples_merged']",0,[]
592,"['Helsinki', 'Oberhausen_merged']",0,[]
591,"['Helsinki', 'Sevilla_merged']",0,[]
590,"['Helsinki', 'Prague_merged']",0,[]
571,"['Helsinki', 'Porto']",0,[]
559,"['Helsinki', 'Katowice']",0,[]
561,"['Helsinki', 'Lille']",0,[]
562,"['Helsinki', 'Liverpool']",0,[]
563,"['Helsinki', 'Lodz']",0,[]
565,"['Helsinki', 'Lyon']",0,[]
566,"['Helsinki', 'Madrid']",0,[]
567,"['Helsinki', 'Manchester']",0,[]
568,"['Helsinki', 'Marseille']",0,[]
569,"['Helsinki', 'Newcastle']",0,[]
570,"['Helsinki', 'Paris']",0,[]
572,"['Helsinki', 'Rotterdam']",0,[]
589,"['Helsinki', 'Torino_merged']",0,[]
573,"['Helsinki', 'Sofia']",0,[]
575,"['Helsinki', 'Stuttgart']",0,[]
576,"['Helsinki', 'Thessaloniki']",0,[]
577,"['Helsinki', 'Valencia']",0,[]
578,"['Helsinki', 'Milan_merged']",0,[]
581,"['Helsinki', 'Lisboa_merged']",0,[]
582,"['Helsinki', 'Naples_merged']",0,[]
583,"['Helsinki', 'Bucuresti_merged']",0,[]
585,"['Helsinki', 'Vienna_merged']",0,[]
587,"['Helsinki', 'Cologne_merged']",0,[]
1224,"['Herne,_North_Rhine-Westphalia_merged', 'Nuremberg_merged']",0,[]
