,city,lat,long
0,Paris,48.8588897,2.3200410217200766
1,London,51.5073219,-0.1276474
2,Madrid,40.4167047,-3.7035825
3,Berlin,52.5170365,13.3888599
4,Milan,45.4641943,9.1896346
5,Barcelona,41.3828939,2.1774322
6,Athens,37.9839412,23.7283052
7,Rome,41.8933203,12.4829321
8,Birmingham,52.4796992,-1.9026911
9,Lisbon,38.7077507,-9.1365919
10,Naples,40.8358846,14.2487679
11,Katowice,50.2137321,19.00588775660632
12,Manchester,53.4794892,-2.2451148
13,Hamburg,53.550341,10.000654
14,Budapest,47.4979937,19.0403594
15,Bucharest,44.4361414,26.1027202
16,Warsaw,52.2319581,21.0067249
17,Stuttgart,48.7784485,9.1800132
18,Vienna,48.2083537,16.3725042
19,Munich,48.1371079,11.5753822
20,Brussels,50.8465573,4.351697
21,Stockholm,59.3251172,18.0710935
22,Frankfurt am Main,50.1106444,8.6820917
23,Cologne,50.938361,6.959974
24,Copenhagen,55.6867243,12.5700724
25,Valencia,39.4697065,-0.3763353
26,Turin,45.0677551,7.6824892
27,Glasgow,55.8609825,-4.2488787
28,Lyon,45.7578137,4.8320114
29,Prague,50.0596288,14.446459273258009
30,Sofia,-15.2538402,48.2562163
31,Liverpool,53.4071991,-2.99168
32,Porto,41.1494512,-8.6107884
33,Seville,37.3886303,-5.9953403
34,Dublin,53.3497645,-6.2602732
35,Helsinki,60.1674881,24.9427473
36,Amsterdam,52.3727598,4.8936041
37,Rotterdam,51.9244424,4.47775
38,DÃ¼sseldorf,51.2254018,6.7763137
